shift_id,note,category
S100737,Next shift guard did not pitch. Had to cover.,absence_cover
S106900,client signed for the extra hrs but real reason is relief no show again,absence_cover
S108361,"masjien is stukkend, alles met die hand gedoen",equipment_failure
S100877,"generator fault, stayed to monitor",equipment_failure
S108162,"client asked us to stay for the delivery, ok'd by centre mgmt",client_requested
S102786,Covering for Mahlangu - booked off sick,absence_cover
S107007,,blank
S106106,shift handover delayed by 30 min,late_handover
S106463,double shift because relief never pitched,absence_cover
S102332,double shift because relief never pitched,absence_cover
S108056,Nexxt shift guuard did not pitch. Had to cover.,absence_cover
S103439,"no replacement sent, ngicela sort this out",absence_cover
S100571,relief no show AGAIN,absence_cover
S101332,"handover late again, keys missing",late_handover
S107753,"no replacement sent, ngicela sort this out..",absence_cover
S106253,Client requested deep clean before the audit - approved,client_requested
S100168,all fine,blank
S104252,sharp,blank
S103008,"oorhandiging was laat, gewag vir sleutels",late_handover
S105453,akukho lutho,routine
S106113,etra hours approved by client for the event setup,client_requested
S106907,"oorhandiging was laat, gewag vir sleutels",late_handover
S106876,"oorhandiging was laat, gewag vir sleutels",late_handover
S105345,"next shift akafikanga, ngihlale kuze kube 06h00",absence_cover
S106814,"Mabaso didnt come in, covered the post",absence_cover
S109082,"hanodver late again, keys missing",late_handover
S107738,"waited 50 min for handover, OB book not signed",late_handover
S107339,"additional cover requested by site manager, signed off",client_requested
S100205,no issues on site,routine
S108984,Covering for Pillay - booked off sick,absence_cover
S104765,"waited 50 min for handover, ob book not signed",late_handover
S102055,"covering Wyk post, no show no call",absence_cover
S101825,"late handover, waiting on paperwork",late_handover
S102559,no incidents,absence_cover
S106334,Client asked for extra patrol aftter the break-in Tuesday,client_requested
S101061,"stocktake ran over, client asked us to remain, they know they pay for it",client_requested
S108139,"client asked us to stay for the delivery, ok'd by centre mgmt",client_requested
S106859,fine,blank
S103877,sharp,blank
S103656,"DOUBLE DUTY TODAY, FOURIE ON FAMILY RESPONSIBILITY LEAVE",absence_cover
S105093,"client asked us to stay for the delivery, ok'd by centre mgmt..",client_requested
S105680,"client wanted extra man on the gate for the event, approved",client_requested
S101121,niks om te rapporteer nie,routine
S108690,no incidents,absence_cover
S105807,klient het ekstra ure gevra vir stockake,client_requested
S105217,shift handover delayed by 25 min,late_handover
S105371,ok,blank
S106224,"gedek vir Adams, siek gemeld",absence_cover
S108070,stood in for Radebe,absence_cover
S104308,Next shift guard did not pitch. Had to cover,absence_cover
S105062,quiet shift,routine
S101434,"scrubber broke down, had to do the floor manually..",equipment_failure
S103671,Covering for September - booked off sick..,absence_cover
S108354,"gedek vir Tshabaala, siek gemeld",absence_cover
S108267,Centre mgr requested additionaal cover for stocktake,client_requested
S108389,"requested by centre management for load in, signed off",client_requested
S103433,"stocktake ran over, client asked us to remain, they know they pay for it",client_requested
S106978,"next shift akafikanga, ngihlale kuze kube six",absence_cover
S106245,sharp,blank
S106878,"September didt come in, covered the post",absence_cover
S104428,"stocktake ran over, client asked us to remain, thhey know they pay for it",client_requested
S102342,.,blank
S105877,all good,routine
S106936,ok,blank
S107938,"late handover, waiting on paperwork",late_handover
S108000,"handover late agn, keys missing..",late_handover
S103399,ntr,blank
S101233,"took Jacobs shift as well, 2 posts 1 guard",absence_cover
S101223,Client requested deep clean before the audit - approved,client_requested
S105661,double shift because relief never pitched,absence_cover
S108187,"oorhandiging was laat, gewag vir sletuels !",late_handover
S106210,all good,routine
S104295,"machine down again, took twice as long",equipment_failure
S101088,"scrubber broke down, had to do the floor manualyl",equipment_failure
S104328,Centre manager requested additional cover for stocktake,client_requested
S101143,extra hours approved by client for the event seup,client_requested
S107378,n/a,blank
S109333,"lift out of order, everything carried up stairs, took long",equipment_failure
S106514,shift handover delayed by 25 min,late_handover
S101642,Client requested deep clean before the audit - approved,client_requested
S100593,"took fourie shift as wll, 2 posts 1 guard",routine
S105147,"client says stay till 06:00, dont know if office approved",client_requested
S105777,"client asked us to stay for the delivery, ok'd by centre mgmt",client_requested
S103083,"still on site, relief was suppose to come 0600",absence_cover
S107881,Client requested deep clean before the audit - approved,client_requested
S100164,"uFouire akezanga namhlanje, ngimele yena",absence_cover
S106903,relief no show AGAIN,absence_cover
S106247,next shift guard did not pitch. had to cover,absence_cover
S108878,"handover late again, keys missing",late_handover
S102888,"double duty today, Mahlangu on family responsibility leave",absence_cover
S107172,nothing to report,routine
S105907,stood in for Mthembu,absence_cover
S107272,"aflos het nie opgedaag nie, moes aanbly",absence_cover
S107719,Covered for Motaung again - 3rd time this month,absence_cover
S107751,"September didnt come in, covered the post !",absence_cover
S100406,as per normal,routine
S101019,"late handover, waiting on paperwork",late_handover
S104171,"requested by centre management for load in, signed off",client_requested
S100329,client signed for the extra hours but real reason is relief no show again,absence_cover
S104084,"late handover, waiting on paperwork",late_handover
S105455,Covering for Mahlangu - booked off sick,absence_cover
S104307,"requested by centre management for load in, signed off",client_requested
S107353,nothing to report,routine
S105081,"control room says relief coming, nobody came",absence_cover
S104524,all quiet,routine
S106429,shift handover delayed by 30 min,late_handover
S103630,"Botha absent, took her rounds as well",absence_cover
S101912,"covering khumalo post, no show no call",absence_cover
S106449,client requested deep clean before the audit - approved !,client_requested
S102915,"worked through, Baloyi at the clinic",absence_cover
S108089,"conntrol room says relief coming, nobody came",absence_cover
S100063,"Botha didnt come in, covered the post",absence_cover
S109151,no incidents,absence_cover
S105810,covered for mauel again - 3rd time this month,absence_cover
S100324,"still on site, relief was suppose to come 06:00",absence_cover
S108372,"worked through, Sibiya at the clinic..",absence_cover
S104893,"waited 20 min for handover, OB book not signed",late_handover
S106412,"uTshabalala akezanga namhlanje, ngimele yena",absence_cover
S106153,stood in for Pillay..,routine
S107045,relief no show AGAIN,absence_cover
S104802,"extra patrol per client email, approved by office",client_requested
S108282,klient het ekstra ure gevra vir stocktake,client_requested
S103468,"waited 25 min for handover, OB book not signed",late_handover
S100592,"client asked us to stay for the delivery, ok'd by centre mgmt",client_requested
S104639,"additional cover requested by site mgr, signed off",client_requested
S106391,akukho lutho,routine
S102310,.,blank
S108259,"gate motor failed, manned it by hand till 6",equipment_failure
S107682,-,blank
S106087,"relief only arrived 06h00, stayed until then",absence_cover
S101617,,blank
S103563,sharp,blank
S107432,ntr,blank
S105979,fine,blank
S107340,Covering for Mahlangu - bookked off sick,absence_cover
S103376,"client wanted extra man on the gate for the event, approved",client_requested
S107293,"relief never arrived, stayed on till 6",absence_cover
S100954,ok,blank
S101549,"handover late agn, keys missing",late_handover
S100624,akukho lutho,routine
S100926,"covering Hendricks pos, no show no call",absence_cover
S103528,Centre mgr requested additional cover for stocktake,client_requested
S107844,Clint requested deep clean before the audit - approved,client_requested
S106119,"uMolefe akezanga namhlanje, ngimele yena",absence_cover
S101874,"no replacement sent, ngicela sort this out",absence_cover
S107803,fine,blank
S105335,client asked for extra patrol after the break-in tueesday,client_requested
S107833,"oorhandiging was laa, gewag vir sleutels",late_handover
S108358,"took Motaung shift as well, 2 posts 1 guard",routine
S101505,,blank
S106236,extra hours approved by clent for the event setup,client_requested
S101047,Centre manager requested additional cover for stocktake,client_requested
S109288,all quiet,routine
S104123,nothing to report,routine
S108613,"oorhandiging was laat, gewag vir sleutels",late_handover
S103780,nothing to report,routine
S109338,relief no show again,absence_cover
S106991,"client asked us to stay for the delivery, ok'd by cnetre mgmt",client_requested
S108913,double shift bc relief never pitched,absence_cover
S101184,shift handover delayed by 25 min,late_handover
S101387,"gedek vir Adaams, siek gemeld",absence_cover
S108219,nothing to report,routine
S101599,client signed for the extra hours but real reason is relief no show agin,absence_cover
S106262,"covering Molefe post, no sow no call..",absence_cover
S102769,n/a,blank
S109299,"Hendricks didnt come in, coevred the post",absence_cover
S101576,"waited 30 min for handover, OB book not signed !",late_handover
S104408,"ugNcobo akezanga namhlanje, ngimele yena",absence_cover
S102020,"took Wyk shift as well, 2 posts 1 guard",absence_cover
S105189,CLIENT REQUESTED DEEP CLEAN BEFORE THE AUDIT - APPROVED,client_requested
S101875,shift handover delayed by 30 min,late_handover
S103448,"Mokoena didnt come in, covered the pst",absence_cover
S104440,"waited for relief, nobody came through",late_handover
S103026,relief no shwo AGAIN,absence_cover
S100892,"uJacobs akezanga namhlanje, ngimele yena..",absence_cover
S107877,shift handover delayed by 45 min,late_handover
S108492,fine,blank
S107113,"handover late again, keys missing",late_handover
S104838,"cllient says stay till 06h00, dont know if office approved",client_requested
S104527,Covreed for Mabaso agn - 3rd time this month,absence_cover
S106371,"double duty today, Dlamini on family responsibility leave",absence_cover
S108108,"aflos het nie opgedaag nie, moes aanbly",absence_cover
S102956,"late handover, waiting on paperwork..",late_handover
S101752,"gedek vir Maluleke, siek gemeld",absence_cover
S103686,"relief never arrived, stayed on till 06h00",absence_cover
S104188,"TOOK SIBIYA SHIFT AS WELL, 2 POSTS 1 GUARD",routine
S107471,.,blank
S107963,"Sithole absent, took her rounds as well..",absence_cover
S101906,"scrubber broke down, had to do the flooor manually",equipment_failure
S102383,"client wanted extra man on the gate for the event, appoved",client_requested
S104172,"generator fault, stayed to monitor",equipment_failure
S108025,"reliief only arrived 06:00, stayed until then",absence_cover
S109329,"client says stay till 6am, dont kow if office approved",client_requested
S103063,"took Wyk shift as well, 2 posts 1 guard",absence_cover
S100422,mavuso off sick. again. covered.,absence_cover
S107743,"gedek vir Khumalo, siek gemeld !",absence_cover
S100921,as per normal,routine
S108442,"oorhandiging was laat, gewag vir sleutels",late_handover
S107824,Centre manager requested additional cover for stocktake,client_requested
S106793,client signed for the extra hours but real reason is relief no show agn..,absence_cover
S101513,"TOOK BOTHA SHIFT AS WELL, 2 POSTS 1 GUARD",absence_cover
S102046,"client wanted extra man on the gate for the event, approved",client_requested
S108952,"handover late again, keys missign",late_handover
S105999,stood in for Ndlovu,routine
S103398,"control room syas relief coming, nobody came",absence_cover
S102032,"machine down again, took twice as long..",equipment_failure
S108170,"lift out of order, everything carried up stairs, took long",equipment_failure
S103186,"waited 45 min for handover, ob book not signed",late_handover
S103258,n/a,blank
S102514,"maluleke absent, took her rounds as well",absence_cover
S101242,extra hours approved by cliennt for the event setup,client_requested
S103855,"oorhandiging was laat, gewag vir sleutels",late_handover
S107720,"machine down again, took twce as long",equipment_failure
S104067,sharp,blank
S105344,"covering Mokoena post, no show no call",absence_cover
S100153,"buffer machine kaput, did the floor by hand",equipment_failure
S100195,"additional cover requuested by site maanger, signed off",client_requested
S100504,quiet shift,routine
S107445,"toko Fourie shift as well, 2 posts 1 guard",routine
S105589,extra hours approoved by clinet for the event setup,client_requested
S104419,shift handover delayed by 25 min !,late_handover
S107473,"wroked through, naidoo at the clinic",absence_cover
S101083,quiet shift,routine
S100377,"masjien is stukkend, alles met die hand gedoen",equipment_failure
S102826,n/a,blank
S100391,"aflos het nie opgedaag nie, moes aabnly",routine
S108328,"covering Jacobs post, no show no call",absence_cover
S100618,nothing to report,routine
S107742,"control room says relief coming, nobdoy came",absence_cover
S104637,extra hours approved by client for the event setup,client_requested
S100893,"buffer machine kaput, did the floor by hand..",equipment_failure
S104125,"waited for relief, nobody came through",late_handover
S103628,extra hrs approved by client for the event setup,client_requested
S106131,extra hrs approved by client for the event setup,client_requested
S107763,no incidents,absence_cover
S107745,"requested by centre management for load in, signed off !",client_requested
S106445,no relief. stayed. someone must please sort the roster..,absence_cover
S106151,shift handover delayed by 50 min,late_handover
S103016,ok,blank
S104630,"lift out of order, everything carried up stairs, took long",equipment_failure
S104543,exra hours approved by client for the event setup,client_requested
S104784,"machine down agn, took twice as long..",equipment_failure
S101584,Client requested deep clean before the audit - approved,client_requested
S107058,"control room says relief coming, nobody came",absence_cover
S100599,"double duty today, jacobs on family responsibility leave",absence_cover
S106491,Client asked for extra patrol after the break-in Tuesday,client_requested
S108623,"nxt shift akafikanga, ngihlale kuze kube 0600",absence_cover
S108587,"worked through, september at the clinic",absence_cover
S107327,no relief. staye. someone must pleease sort the roster !,absence_cover
S109285,shift handover delayed by 30 min,late_handover
S104563,shift handover delayed by 30 min,late_handover
S101903,no incidents,absence_cover
S104534,"took Wyk shift as well, 2 posts 1 guard..",absence_cover
S100693,"handover late agn, keys missing !",late_handover
S102396,"next shift akafikanga, ngihlale kuze kube 06h00",absence_cover
S108862,"stocktake ran over, client asked us to remain, they know they pay for it",client_requested
S106564,centre manager requested additional cover for stocktake,client_requested
S101591,"uAdams akezanga namhlanje, ngimele yena",absence_cover
S107632,shift handover delayed by 40 min,late_handover
S107123,"oorhandiging was laat, geewag vir sleutels",late_handover
S100716,Botha off sick. again. covered,absence_cover
S106552,Covering for Khumalo - booked off sick,absence_cover
S108889,"masjien is stukkend, alles met die hand gedoen",equipment_failure
S100160,"aflos het nie opgedaag nie, moes aanbly",absence_cover
S108113,"client wanted extra man on the gate for the event, approved",client_requested
S104315,Covered for Zulu agn - 3rd time this month,absence_cover
S100588,"oorhandiging was laat, gewag vir sletuels",late_handover
S106213,"Radebe didnt come in, covered the post",absence_cover
S102110,"client says stay till 0600, dont know if office approved",client_requested
S103965,"Mavuso didnt come in, covered the post",absence_cover
S102765,"buffer mcahine kaput, did the floor by hand..",equipment_failure
S102065,"CLIENT ASKED US TO STAY FOR THE DELIVERY, OK'D BY CENTRE MGMT",client_requested
S108797,Client requested deep clean before the audit - approved,client_requested
S100570,no incidents,absence_cover
S106130,extra hours approved by client for the event setup,client_requested
S105900,"covering Maluleke post, no show no call",absence_cover
S100159,"lift out of order, everything carried up stairs, took long",equipment_failure
S107412,Client requested deep clean before the audit - approved,client_requested
S104919,double shift bc relief never pitched,absence_cover
S104519,"SCRUBBER BROKE DOWN, HAD TO DO THE FLOOR MANUALLY",equipment_failure
S104625,"scrubber broke down, had to do the floor manually",equipment_failure
S104230,"HENDRICKS DIDNT COME IN, COVERED THE POST",absence_cover
S107710,"buffer machine kaput, did the floor by hand..",equipment_failure
S107512,no issues on site,routine
S107337,next shift guard did not pitch. had to cover.,absence_cover
S109128,sharp,blank
S104122,-,blank
S100731,"late handover, waiting on paperwork",late_handover
S107041,"client says stay till 0600, dont know if offcie approved",client_requested
S107057,no incidents,absence_cover
S108017,"relief only arrived six, stayed until thhen",absence_cover
S100815,,blank
S105108,"buffer machine kaput, did the floor by hand",equipment_failure
S104091,"double duty today, Ngcobo on family responsibility leave",absence_cover
S105998,sharp,blank
S106138,"relief only arrived 06:00, stayed until then",absence_cover
S103597,"covering Molefe post, no show no call..",absence_cover
S107765,no relief. stayed. someone must please sort the roster,absence_cover
S102732,stood in for Khumalo,routine
S100013,"no replacement sent, ngicela sort this out",absence_cover
S107891,"covering Radebe post, no show no call",absence_cover
S104320,client signed for the extra hrs but real reason is relief no show again,absence_cover
S103450,"client wanted extra man on the gate for the event, approved",client_requested
S105833,Centre manager requested additional cover for stocktake..,client_requested
S107430,"buffer machine kaput, did the floor by hand",equipment_failure
S105324,"waited 20 min for handover, OB book not signed",late_handover
S101068,"mavuso didnt come in, covered the post",absence_cover
S103089,"took Mavuso shift as well, 2 posts 1 guard",absence_cover
S106346,"CLIET SAYS STAY TILL 0600, DONT KNOW IF OFFICE APPROVED",client_requested
S100845,n/a,blank
S101082,-,blank
S102397,"relief oly arrived six, stayed until then",absence_cover
S101577,"stocktake ran over, client asked us to remain, they know they pay for it",client_requested
S103386,akukho lutho,routine
S100261,"extra patrol per client email, approved by office",client_requested
S108560,"Motaung absent, took her rounds as well",absence_cover
S100346,"gate motor faled, manned it by hand till 06h00",equipment_failure
S107758,"waited for relief, nobody came through",late_handover
S103760,client signed for the extra hours but real reason is relief no show agn,absence_cover
S105632,"late handover, waiting on paperwork",late_handover
S102162,quiet shift,routine
S106556,"gate motor failed, manned it by hand till six",equipment_failure
S106150,"DOUBLE DUTY TODAY, WYK ON FAMILY RESPONSIBILITY LEAVE",absence_cover
S104946,ok,blank
S109135,"late handover, waiting on paperwork",late_handover
S107358,"extra patrool per client email, approved by office",client_requested
S108965,"client says stay till six, dont know if office approved",client_requested
S107557,Balloyi off sick. agn. covered,absence_cover
S102889,"client says stay till 6am, dont know if office approved",client_requested
S101114,klient het ekstra ure gevra vir stocktake !,client_requested
S104158,"client says say till 6am, dont know if office approved",client_requested
S108836,"waited for relief, nobody came through",late_handover
S103378,"handover laet agn, keys missing",late_handover
S108174,shift handover delayed by 20 min..,late_handover
S102121,akukho lutho,routine
S106272,"additional cover requested by site manager, signed off",client_requested
S102883,"client asked us to stay for the delivery, ok'd by centre mgmt",client_requested
S104413,"double duty today, Zulu on family responsibility leave",absence_cover
S102630,"took dlamini shift as well, 2 posts 1 guard",routine
S103206,stood in for Fourie,routine
S103609,"gedek vir Ndlovu, siek gemeld",absence_cover
S103551,CLIETN ASKED FOR EXTRA PATROL AFTER THE BREAK-IN TUESDAY,client_requested
S107118,klient het ekstra ure gevra vir stocktake,client_requested
S107491,zulu off sick. again. coveered.,absence_cover
S103775,"scrubber broke down, had to do the floor manually..",equipment_failure
S104429,"Septeember didnt come in, covered the post",absence_cover
S104005,"Mabaso didnt come in, covered the post",absence_cover
S102885,sharp,blank
S106574,ntr,blank
S104365,"additional cover requested by site mgr, signed off",client_requested
S105303,extra hours approved by client for the event setup,client_requested
S102254,"client says stay till 6, dont know if office approved",client_requested
S102028,"stocktake ran over, client asked us to reemain, they know they pay for it",client_requested
S107739,klient het ekstra ure gevra vir stocktake..,client_requested
S100313,"generator fault, stayed to monitor",equipment_failure
S105239,"scrubber broke down, had to do the floor manually",equipment_failure
S101500,"Sithole absent, took her rounds as well",absence_cover
S109296,"NEXT SHIFT AKAFIKANGA, NGIHLALE KUZE KUBE 0600..",absence_cover
S109301,"took Wyk shift as well, 2 posts 1 gard..",routine
S102605,n/a,blank
S103931,niks om te rapporteer nie,routine
S102420,"oorhandiging was laat, gewag vir sleutels",late_handover
S108871,Client askeed for extra patrol afetr the break-in Tuesday,client_requested
S105150,-,blank
S106438,stood in for Mabaso,routine
S102631,"NEXT SHIFT AKAFIKANGA, NGIHLALE KUZE KUBE 06:00",absence_cover
S105083,"additional cover requested by site manager, signed off",client_requested
S108286,"masjien is stukkend, alles met die hand gedoen",equipment_failure
S101325,klient het ekstra ure gevra vir stocktake !,client_requested
S108195,"relief never arrived, stayed on till 6am",absence_cover
S104015,"covering Motaung post, no show no caall",absence_cover
S102989,"handover late agn, keys missing",late_handover
S108078,Next shift guard did not pitch. Had to covr.,absence_cover
S106439,"double duty today, Sithole on family responsibility leave",absence_cover
S101779,"late handover, waiting on paperwork",late_handover
S101122,PILLAY OFF SICK. AGN. COVERED !,absence_cover
S102228,stood in for Fourie,routine
S100554,Centre manager requested addtional cover for stocktake..,client_requested
S108850,.,blank
S106565,ok,blank
S109287,"waited 25 min for handover, OB book not signed..",late_handover
S108347,n/a,blank
S107387,"took naidoo shift as well, 2 posts 1 guard..",absence_cover
S106396,Client asked for extra patrol after the break-in Tuesday..,client_requested
S100905,quiet shift,routine
S100333,"geddek vir Mabaso, siek gemeld..",absence_cover
S103806,Ndlovu off sick. aggn. covered,absence_cover
S103850,no issues on site,routine
S101502,"additional cover requested by site manager, signed off",client_requested
S106645,client asked for extra patrol after the break-in tuesday,client_requested
S104103,"Pillay absent, took her rounds as well",absence_cover
S102856,niks om te rapporteer nie,routine
S101331,"no replacement sent, ngicela sort this out..",absence_cover
S108104,"masjien is stukkend, alles met die hand gedoen",equipment_failure
S102307,"double duty today, Maluleke on family responsibility leave",absence_cover
S102886,"took Adams shift as well, 2 posts 1 guard..",routine
S106107,"machine down again, took twice as long",equipment_failure
S104337,"requested by centre management for load in, signed off",client_requested
S106848,no issues on site,routine
S103166,ok,blank
S103384,"generator fault, stayed to monitor",equipment_failure
S100022,Client rquested deep clean before the audit - approved,client_requested
S109118,"buffer machine kaput, did the floor by hand",equipment_failure
S103269,all good,routine
S100388,"additional cover requested by site manager, signed off",client_requested
S103014,"Sithole absent, took her rounds as well",absence_cover
S103608,"aflos het nie opgedaag nie, moes aanbly",absence_cover
S104501,all fine,blank
S103366,quiet shift,routine
S101518,"waited 30 min for handover, ob book not signed",late_handover
S102859,"scrubber broke down, had to do the floor manually",equipment_failure
S106529,"client asked us to stay for the delivery, ok'd by centre mgmt",client_requested
S104422,all fine,blank
S100738,double shift bc relief never pitched,absence_cover
S102143,ok,blank
S101484,"waited 45 min for handover, OB book not signed",late_handover
S105299,n/a,blank
S100204,all good,routine
S105768,client asked for extra patrol after the break-in tuesday,client_requested
S107100,n/a,blank
S106646,client requested deep clean befroe the audit - approved,client_requested
S104821,"oorhandiging was lat, gewag vir sleutels",late_handover
S101034,no issues on site,routine
S103226,Client requested deep clean before the audit - approved..,client_requested
S106671,"requested by centre management for load in, signed off",client_requested
S109348,client signed for the extra hours but real reason is relief no show agn,absence_cover
S105269,"covering Sibiya post, no show no call",absence_cover
S103800,nothing to report,routine
S108275,relif no show AGAIN,absence_cover
S102865,Client asked for extra patrol after the break-in Tuesday,client_requested
S102439,all good,routine
S107217,"buffer machine kaput, did the floor by hand",equipment_failure
S102952,ntr,blank
S108076,"CLIENT ASKED US TO STAY FOR THE DELIVERY, OK'D BY CENTRE MGMT",client_requested
S100629,COVERED FOR WYK AGAIN - 3RD TIME THIS MONTH,absence_cover
S108051,"masjien is stukkend, alles met die hand gedoen",equipment_failure
S108033,Next shift guard did not pitch. Had to cover.,absence_cover
S108562,Covering for Adams - booked off sick,absence_cover
S104862,"handover late again, keys missing",late_handover
S102855,Next shift guard did not pitch. Had to cover.,absence_cover
S103428,"zulu absent, took her rounds as well",absence_cover
S103584,"worked through, baloyi at the clinic",absence_cover
S106947,shift handover delayed by 40 min,late_handover
S108154,.,blank
S105631,Khumalo off sick. again. covered.,absence_cover
S104568,"Cele absent, took her rounds as well",absence_cover
S105508,"oorhandiging was laat, gewag vir sleutels",late_handover
S106033,Covering for Fourie - booked off sick,absence_cover
S106673,Client asked for exra patrol after the break-in Tuesday,client_requested
S109183,Client requested deep clean before the audit - approveed,client_requested
S108185,"covering Wyk post, no show no call",absence_cover
S103019,"still on site, relief was suppose to come 06:00",absence_cover
S102844,radebe off sick. again. covered.,absence_cover
S107816,"worked through, Maluleke at the clinic",absence_cover
S101627,"waited 40 min for handover, OB book not signed",late_handover
S108529,"uFourie akezanga namhalnje, ngimele yena",absence_cover
S101445,"masjien is stukkend, alles met die hand gedoen",equipment_failure
S104588,all good,routine
S108628,"buffer machine kaput, did the floor by hand",equipment_failure
S108873,Fourie off sick. agn. covered.,absence_cover
S104017,"uPillay akezanga namhlanje, nimele yena !",absence_cover
S106533,"no replacement sent, ngicela sort this out",absence_cover
S101777,"machine down again, took twice as long",equipment_failure
S103073,covering for nkosi - booked off sick..,absence_cover
S100983,no issues on site,routine
S108346,"covering Cele post, no show no call",absence_cover
S107474,"control room says relief coming, nobody came",absence_cover
S100715,nothing to report,routine
S106737,"laet handover, waiting on paperwork",late_handover
S105115,Naidoo off sick. agn. covered.,absence_cover
S100577,"requested by centre management for load in, signed off",client_requested
S103405,n/a,blank
S105653,stood in for Jacobs,routine
S102421,"stocktake ran over, client asked us to remain, they know they pay for it",client_requested
S102725,-,blank
S103582,"Mabaso didnt come in, covered the post..",absence_cover
S109249,quiet shift,routine
S106149,client asked for extra patrol after the break-in tuesday,client_requested
S103062,"no replacement sent, ngicela sort this out",absence_cover
S103565,ntr,blank
S107861,sharp,blank
S100942,Nkosi off sick. again. covered.,absence_cover
S107766,"uAdams akezanga namhlanje, ngimele yena",absence_cover
S104514,ntr,blank
S108019,"BUFFER MACHINE KAPUT, DID THE FLOOR BY HAND..",equipment_failure
S100711,"took Wyk shift as well, 2 posts 1 guard",absence_cover
S107338,"took Sithole shift as well, 2 posts 1 guard",routine
S105984,"late handover, waiting on paperwork",late_handover
S100747,"client says stay till 6am, dont know if office approved",client_requested
S103623,relief no show again,absence_cover
S106555,shift handover delayed by 45 min,late_handover
S104288,"took Sithole shift as well, 2 posts 1 guard",routine
S101734,"Mokoena absent, took her rounds as well",absence_cover
S103832,"still on site, relief was suppose to come 06:00",absence_cover
S106792,"no replacement sent, ngicela sort this out..",absence_cover
S106354,Client requested deep clean before the audit - approved,client_requested
S102049,"client asked us to stay for the delivery, ok'd by cnetre mgmt",client_requested
S106122,shift handover delayed by 30 min..,late_handover
S103211,"additional cover requested by site manager, signed off",client_requested
S103957,quiet shift,routine
S103447,"relief never arrived, stayed on till 06:00",absence_cover
S103726,"worked through, fourie at the clinic",absence_cover
S100818,"worked through, mthembu at the clinic",absence_cover
S103655,"late handover, waitnig on paperwork",late_handover
S102134,"handover late agn, keys missing !",late_handover
S107628,as per normal,routine
S104916,"Mavuso absent, took her rounds as well",absence_cover
S103547,"relief only arrived 6, stayed until then..",absence_cover
S107968,"no replacement sent, ngicela sort this out",absence_cover
S102834,"gate motor failed, manned it by hand till 6",equipment_failure
S108466,"GEDK VIR MOKOENA, SEK GEMELD",absence_cover
S108071,"waited for relief, nobody came through",late_handover
S107721,"WORKED THROUGH, MOTAUNG AT THE CLINIC",absence_cover
S106240,"aflos het nie opgedaag nie, moes aanbly..",absence_cover
S102816,client signed for the extra hours but real reason is relief no show agn,absence_cover
S103400,RELIEF NO SHOW AGAIN,absence_cover
S103567,Covering for Naidoo - booked off sick,absence_cover
S103011,"still on site, relief was suppose to coe six",absence_cover
S106804,"masjien is stukkend, alles met die hand gedoen",equipment_failure
S104038,"late handover, waiting on paperwork",late_handover
S101555,Clint ased for extra patrol after the break-in Tuesday,client_requested
S105556,"UMANUEL AKEZANGA NAMHLANJE, NGIMELE YENA",absence_cover
S105003,-,blank
S107975,no issues on site,routine
S100140,Next shift guard did not pitch. Had to cover.,absence_cover
S107075,"double duty toda,y sibiya on family responsibility leave",absence_cover
S106652,"still on site, relief was suppoes to come 6am",absence_cover
S103478,"double dtuy today, Nkoi on family responsibility leave",absence_cover
S101798,"worked through, Cele at the clinic",absence_cover
S102432,"oorhandiging was laat, gewag vir sleutels",late_handover
S105047,"client says stay till six, donnt know if office approved",client_requested
S101552,"lift out of order, everything carried up stairs, took long",equipment_failure
S109173,.,blank
S103055,stood in for Fourie,routine
S106541,stood in for Mavuso,absence_cover
S102204,"oorhandiging was laat, gewag vir sleutels",late_handover
S103344,"extra patrol per client email, approved by office",client_requested
S108105,"aflos het nie opgedaag nie, moes aanbly",absence_cover
S102382,"gate motor failed, manned it by hand till 06:00",equipment_failure
S106979,"covering mthembu post, no show no call",absence_cover
S101551,"no replacement sent, ngicela sort this out",absence_cover
S103691,Client reuested deep clean before the audit - approved,client_requested
S100590,"tok mahlangu shift as wll, 2 posts 1 guard",routine
S104130,"no replacement sent, ngicela sort this out",absence_cover
S101805,"masjien is stukkend, alls met die hand gedoen",equipment_failure
S107050,"took Nosi shift as well, 2 pots 1 guard",routine
S100586,Next shift guard did not pitch. Had to cover.,absence_cover
S106664,"Mabaso didnt come in, covered the post",absence_cover
S106280,Client requested deep clean before the audit - approved,client_requested
S105325,"Zulu didnt come in, covered the post",absence_cover
S101883,"buffer machine kaput, did the floor by hand",equipment_failure
S108332,"stocktake ran over, client asked us to remain, they knnow tey pay for it",client_requested
S104275,"stocktake ran over, client asked us to remai,n they know they pay for it",client_requested
S101278,ok,blank
S106650,"worked through, Tshabalala at the clinic",absence_cover
S109304,"MAASJIEN IS STUKKEND, ALLES MET DIE HAND GEDOEN",equipment_failure
S100889,"cllient wanted extra man on the gate for the event, approved",client_requested
S109279,ntr,blank
S101961,fine,blank
S108951,quiet shift,routine
S105579,"lift out of order, everything carried up stairs, took long",equipment_failure
S103829,"worked through, Jaobs at the clinic",absence_cover
S105821,"extra patrol per clent email, approved by office",client_requested
S101230,ntr,blank
S106561,"srubber broke down, had to do the floor manually",equipment_failure
S104974,all quiet,routine
S103973,Covering for Sibiya - booked off sick,absence_cover
S100485,shiift handover delayed by 30 min,late_handover
S100306,Client requested deep clean before the audit - approved,client_requested
S105701,"handover late agn, keys missing !",late_handover
S103796,no relief. stayed. someone must please sort the roster,absence_cover
S106442,nothing to report,routine
S108776,stood in for Ndlovu,routine
S104245,"oorhandiging was laat, gewag vir sleutels",late_handover
S105429,"generator fault, stayed to monitor",equipment_failure
S104642,"uDlamini akezanga namhlanje, ngimele yena",absence_cover
S104321,quiet shift,routine
S102395,"aflos het nie opgedaag nie, moes aanbly",absence_cover
S100719,no relief. stayed. someone must pls sort the roster,absence_cover
S100928,"handover late agn, keys missing",late_handover
S108001,stood in for zuul,routine
S107901,"late handover, waiting on paperwork",late_handover
S102369,Next shift guard did not pitch. Had to cover.,absence_cover
S108833,"buffer machine kaput, did the floor by hand..",equipment_failure
S107059,"worked through, Dlamini at the clinic..",absence_cover
S101604,"client wanted etra man on the gate for the event, approved..",client_requested
S107331,"covering Wyk post, no show no call",absence_cover
S103251,all quiet,routine
S102109,all good,routine
S103776,"client asked us to stay for the delivery, ok'd by centre mgmt",client_requested
S104996,"additional cover requested by site manager, signed off",client_requested
S107964,"covering Mavuso post, no show no call !",absence_cover
S107361,"control room says relief coming, nobody came",absence_cover
S106102,fine,blank
S104779,double shift bc relief never pitched,absence_cover
S107267,no issues on site,routine
S109331,n/a,blank
S100873,as per normal,routine
S108180,"generator fault, stayed to monitor",equipment_failure
S103781,"additional cover requested by site manager, signed off..",client_requested
S105156,double shift because relief never pitched,absence_cover
S100630,"Dlamini didnt come in, covered the post",absence_cover
S101058,"took Fourie shift as well, 2 poosts 1 guard",routine
S108709,all good,routine
S102622,client signed for the extra hours but real reason is relief no show again,absence_cover
S105088,"Maluleke absent, took her rounds as wlel",absence_cover
S102662,Client requested deeep clean before the audit - aproved..,client_requested
S101209,"handover late again, keys missing",late_handover
S107717,"Sibiya didnt come in, covered the post",absence_cover
S104651,"double duty today, Ndovu on family responsibility leave",absence_cover
S100579,Centre mgr requested additional coer for stocktake,client_requested
S106967,"machine down agn, took twice as long",equipment_failure
S102050,"gedk vir Sithole, siek gemeld",absence_cover
S105339,Covered for Mahlangu agn - 3rd time this month,absence_cover
S105952,"gedek vir Sibiya, siek gemeld",absence_cover
S105834,"generator fault, stayed to monitor",equipment_failure
S104442,"client wanted extra man on the gate for the event, approved",client_requested
S104531,"gedek vir Motaung, siek geemld",absence_cover
S100817,all good,routine
S102880,"scrubber broke down, had to do the floor manually",equipment_failure
S108544,Covered for Zulu again - 3rd time this month,absence_cover
S108079,"late handover, waiting on paperwork",late_handover
S107287,"buffer machine kaput, did the floor by hand",equipment_failure
S109328,extra hrs approved by client for the event setup,client_requested
S102181,Covered for Naidoo again - 3rd tie this month,absence_cover
S105471,all good,routine
S106973,"client asked us to stay for the delivery, ok'd by centre mgmt..",client_requested
S100088,"coering Blaoyi post, no show no call..",absence_cover
S105483,centre mgr requested additional covre for stocktake,client_requested
S108451,"took Botha shift as well, 2 posts 1 guard",absence_cover
S100501,"generator fault, styed to mointor",equipment_failure
S102158,"uTshabalala akezanga namhlanje, ngimele yena",absence_cover
S107206,nothing to report,routine
S108767,Client asked for extra patrol after the break-in Tuesday..,client_requested
S103619,"extra patrol per client emil, approved by office",client_requested
S105340,relief no show AGAIN,absence_cover
S106430,fine,blank
S100294,"late handover, waiting on paperwork",late_handover
S107595,as per normal,routine
S108470,"next shift akafikanga, ngihlale kuze kube 0600",absence_cover
S109238,,blank
S100975,"late handover, waiting on paperwork",late_handover
S108288,"still on site, relief was suppose to come 6am",absence_cover
S104068,"client wantd extra man on the gate for the event, approved",client_requested
S103397,Covering for Khumalo - booked off sick,absence_cover
S104116,"uMaluleke akezanga namhlanje, ngimele yena",absence_cover
S103456,"extra patrol per client email, approevd by office",client_requested
S106546,"khumalo didnt come in, covered the post",absence_cover
S100717,"next shift akafikanga, ngihlale kuze kube 6am",absence_cover
S106042,client requested deep clean before the audit - approved,client_requested
S104526,n/a,blank
S108657,client asked for extra patrol after the break--in tuesday,client_requested
S100595,client signed for the extra hours but real reason is relief no show agn..,absence_cover
S107088,"additional cover requested by site mgr, signed off",client_requested
S107885,extra hours approved by client for the event setup,client_requested
S107627,"gnerator fault, stayed to monitor..",equipment_failure
S106573,"Naidoo didt come in, covered the post",absence_cover
S107746,"still on site, relief was suppose to come 06h00",absence_cover
S107218,ntr,blank
S106989,"buffer machine kaput, did the floor by hand",equipment_failure
S100301,"still on site, relief was suppose to come 06:00",absence_cover
S104331,"molefe absent, took her rounds as well",absence_cover
S102253,all quiet,routine
S107504,ok,blank
S100384,"control room says relief coming, nobody came",absence_cover
S106492,"requested by centre management for load in, signed off",client_requested
S105436,"machine down again, took twice as long",equipment_failure
S102650,all quiet,routine
S103589,relief no show AGAIN,absence_cover
S106553,Next shift guard did not pitch. Had to cover.,absence_cover
S107376,"next shift akafikanga, ngihlale kuze kube 6 !",absence_cover
S105329,double shift because relief never picthed !,absence_cover
S109293,"waited 45 min for handover, OB book not signed",late_handover
S106233,Mokoena off sick. again. covered.,absence_cover
S106536,"double duty today, Sithole on family responsibility leave",absence_cover
S109261,"handover late agn, keys missing",late_handover
S103809,"waited for relief, nobody caame through",late_handover
S105550,extra hrs apprvoed by clietn for the event setp,client_requested
S102179,"waited 40 min for handover, OB book not signed",late_handover
S102377,"late handover, waiting on paperwork",late_handover
S105071,"no replacement sent, ngicela sort this out",absence_cover
S105155,sharp,blank
S106680,Client asked for extra patrool after the break-in Tuesday,client_requested
S107580,"geddek vir wyk, siek gemeld",absence_cover
S102879,"waited 25 min for handover, OB book not signed",late_handover
S101725,ok,blank
S105880,"late handover, waiting on paperwork",late_handover
S106235,"gedek vir Tshabalala, siek gemeld",absence_cover
S106457,"USIBIYA AKEZANA NAMHLANJE, NGIMELE YENA..",absence_cover
S106046,"extra patrol per client email, approved by office",client_requested
S107572,-,blank
S106375,"still on site, relieef was suppose to come six",absence_cover
S103012,Centre mgr requested additional cover for stocktae,client_requested
S109078,ok,blank
S101275,.,blank
S103735,akukho lutho,routine
S108835,"client wanted extra man on the gate for the event, approved",client_requested
S107894,"relief only arrived 0600, stayed until then",absence_cover
S108026,"srubber broke down, had to do the floor manually",equipment_failure
S108082,quiet shift,routine
S108285,"took Zulu shift as well, 2 posts 1 guard",absence_cover
S101069,,blank
S107875,"oorhandiging was laat, gewag vir sleutels",late_handover
S103391,"relief never arrived, stayed on till six",absence_cover
S101905,.,blank
S103424,Client requested deep clean before the audit - approved,client_requested
S103988,"buffeer machine kaput, did the floor by hand",equipment_failure
S105735,"worked through, sibiya at the clinic",absence_cover
S102953,"gate motoor failed, manned it by hadn till 6",equipment_failure
S106580,"umolefe akezanga namhlanje, ngimele yena",absence_cover
S108038,"Ndlovu absent, took her rounds as well",absence_cover
S103338,"late hanodver, waiting on paperwork",late_handover
S106132,Covering for Wyk - booked off sick,absence_cover
S107079,Client asked for extra patrol after the break-in Tuesday,client_requested
S101822,"uSibiya akezanga namhlanje, ngimele yena",absence_cover
S105051,"handover late again, keys missing",late_handover
S103751,"still on site, relief was suppose to come six",absence_cover
S108478,Next shift guard did not pitch. Had to cover.,absence_cover
S106097,"aflos het nie opgedaag nie, moes aanbly",absence_cover
S104397,nothing to report,routine
S108061,shift handover delayed by 30 min,late_handover
S102528,"generator fault, stayed to monitor !",equipment_failure
S100587,Nkosi off sick. agn. coveredd.,absence_cover
S109297,"uBotha akezanga namhlanjje, ngimele yena",absence_cover
S104857,"client says stay till 06h00, dont know if office approved",client_requested
S101939,"waited 50 min for handover, OB book not signed",late_handover
S104803,"took Mokoena shift as well, 2 posts 1 guard",absence_cover
S103509,"double duty today, Baloyi on family responsibility leave",absence_cover
S104449,sharp,blank
S100032,"control room says relef coming, nobody came",absence_cover
S101590,"control room says relief coming, nobody came",absence_cover
S104355,"additional cover requested by site mgr, signed off",client_requested
S103661,"aflos het nie opgedaag nie, moes aanbly",absence_cover
S102838,"client asked us to stay for the delivery, ok'd by centre mgmt..",client_requested
S106807,CLIENT ASKED FOR EXTRA PATROL AFTER THE BREAK-IN TUESDAY,client_requested
S105053,klient het ekstra ure gevra vir stocktake !,client_requested
S102453,ntr,blank
S101640,all fine,blank
S105352,"client says stay till six, dont know if office approved",client_requested
S106225,"GENERATOR FAULT, STAYED TO MONITOR..",equipment_failure
S104164,"scrubber broke don, had to do the floor manually",equipment_failure
S100309,Jacobs off sick. ag.n covered.,absence_cover
S103077,no relif. stayed. someone must please sort the roster,absence_cover
S102386,"took Mabaso shift as well, 2 posts 1 guard",absence_cover
S101769,"buffer machine kaput, did the floor by hand",equipment_failure
S104379,"uBotha akezanga namhlanje, ngimele yena",absence_cover
S108123,ntr,blank
S101704,"buffer machine kaput, did the floor by hand !",equipment_failure
S108837,no issues on site,routine
S103018,"next shift akafikanga, ngihlale kuzze kube 06h00",absence_cover
S106806,"Naidoo didnt come in, covered the post..",absence_cover
S106376,"took Nkosi shift as well, 2 posts 1 guard",absence_cover
S106252,"took Naidoo shift as well, 2 posts 1 guard",absence_cover
S103649,"uNaidoo akezanga namhlanje, ngimele yena",absence_cover
S107240,"extra patrol per client email, approved by ofice",client_requested
S108016,"client says stay till 06h00, dont know if office approved",client_requested
S104249,all quiet,routine
S106902,"client says stay till 0600, dont know if office approved",client_requested
S102656,"Ngcobo absent, took her rounds as well..",absence_cover
S109305,"Mokoena absent, took her rounds as well",absence_cover
S105537,"nkosi absent, took her rounds as well !",absence_cover
S102317,nothing to report,routine
S104575,no issues on site,routine
S103458,no relief. stayed. someone must please sort the roster !,absence_cover
S102929,"next shift akafikanga, ngihlale kuze kube 6",absence_cover
S101338,nothing to report,routine
S104868,niks om te rapporteer nie,routine
S107133,relief no show again..,absence_cover
S102570,"sill on site, relief was spupose to come 6am",absence_cover
S106476,"lift out of order, everything carried up stairs, took lng",routine
S100784,"worked through, ndlovu at the clinic..",absence_cover
S106925,"lift out of order, everything carried up stairs, took long",equipment_failure
S107886,shift handover delayed by 50 min,late_handover
S102295,"jacobs absent, took her rounds as well",absence_cover
S100775,quiet shift,routine
S103402,"machine down agn, took twice as long",equipment_failure
S105318,client signed for the extra hours but real reason is relief no show agn !,absence_cover
S101812,ntr,blank
S102723,"oorhandiging was laat, gewag vir sleutels",late_handover
S105460,"lift out of order, everything carried up stairs, took long",equipment_failure
S101597,"double duty today, maluleke on family responsibility leave..",absence_cover
S105342,"umthembu akezanga namhlanje, ngimele yena",absence_cover
S103470,shft handover dealyed by 25 min,late_handover
S103005,"took dlaminni shift as well, 2 posts 1 guard",routine
S107332,"gedek vir Hendricks, siek geemeld",absence_cover
S104121,client requested deep clean before the audt - approved,client_requested
S103105,fine,blank
S105346,"machien down agn, took twice as long",equipment_failure
S101120,Zulu off sick. agn. covered.,absence_cover
S107414,shift handovver delayed by 50 min,late_handover
S100713,Naidoo off sick. again. covered..,absence_cover
S106901,"took mthembu shift as well, 2 pots 1 guard",absence_cover
S100603,"waited for relief, nobody came through",late_handover
S107506,"took Wyk shift as well, 2 posts 1 guard",absence_cover
S105585,"scrubber broke dwn, had to do the floor mnually",equipment_failure
S104423,"DLAMINI DIDNT COME IN, COVERED THE POST",absence_cover
S104093,"client wanted extra man on the gate for the event, approved",client_requested
S109323,"gate motor failed, manned it by hand till 6..",equipment_failure
S103163,n/a,blank
S102367,"took Tshabalala shift as well, 2 posts 1 guadr",routine
S104076,no incidents,absence_cover
S101592,"additional cover requested by site mgr, signed off..",client_requested
S108943,niks om te rapporteer nie,routine
S108665,"client asked us to stay for the delivery, ok'd by centre mgmt",client_requested
S101471,"handover late agn, keys missing",late_handover
S108186,COVERED FOR NDLOVU AGAIN - 3RD TIME THIS MONTH,absence_cover
S102372,client signed for the extra hours but real reason is relief no show agn,absence_cover
S105629,"waited for relief, nobody came through",late_handover
S100238,extra hrs approved by client for the event setup,client_requested
S103418,extra hours approved by client for the event setup,client_requested
S108305,klient het ekstra ure gevra vir stocktake,client_requested
S102972,Next shift guard did not pitch. Had to cover.,absence_cover
S102449,centre mgr requested additional cover for stocktake..,client_requested
S104536,"COVERING DLAMINI POST, NO SHOW NO CALL",absence_cover
S108855,"requested by centre management for load in, signed off",client_requested
S106382,double shift bc relief never pitched,absence_cover
S104699,"waited 40 min for handover, ob book not signed",late_handover
S100284,"double duty today, Sithole on family responsibility leave..",absence_cover
S106896,Centre manager requested additional cover for stocktake,client_requested
S102287,extra hrs approved by client for the event setup,client_requested
S100470,"covering Mabaso post, no show no call..",absence_cover
S103051,"buffer machine kaput, did the floor by hand",equipment_failure
S101438,"handover late agn, keys missing",late_handover
S104956,-,blank
S102887,client signed for the extra hrs but real reason is relieef no show again,absence_cover
S105496,"relief never arrived, stayed on till 06h00 !",absence_cover
S107708,Covering for Ngcobo - booked off sick,absence_cover
S106406,"additional cover requested by site manager, signed off",client_requested
S101394,,blank
S108604,"relief only arrived six, stayed until then",absence_cover
S101046,"gate motor failed, manned it by hand till six",equipment_failure
S106395,"covering Mthembu postt, no show no call",absence_cover
S108405,"gate motor failed, manned it by hand till 06:00",equipment_failure
S102416,"generator fault, stayed to monitor",equipment_failure
S104541,"Adams didnt come in, covered the post",absence_cover
S108993,"next shift akafikanga, ngihlale kuze kube 6",absence_cover
S105190,as per normal,routine
S106985,"extra patrol per client email, approved by officce",client_requested
S103441,relief no show AGAIN,absence_cover
S101222,all good,routine
S100315,"no repacement sent, ngicela sort this out",absence_cover
S108612,double shift because reief never pitched,absence_cover
S104092,"handover late agn, keys missing",late_handover
S107148,all quiet,routine
S109322,Client asked for extra patrol after the break-in Tuesday,client_requested
S103819,"uJacobs akezanga namhlanje, ngimele yena",absence_cover
S101795,"machine down agn, took twice as long..",equipment_failure
S106892,"control room sasy relief coming, nobody came",absence_cover
S100706,"cllient says stay till 6, dont know if office approved",client_requested
S100443,all fine,blank
S108441,"bufefr machine kapu, did the floor by hand",equipment_failure
S102862,"no replacement sent, ngicela sort this out",absence_cover
S102601,Client asked for extra ptrol after the break-in Tuesday,client_requested
S107530,"uFourie akezanga namhlanje, ngimele yena",absence_cover
S101714,"relief only arrived 06:00, stayed until then..",absence_cover
S103445,no relief. stayed. someone must please sort the roster,absence_cover
S100171,Client asked for extra patrol after the break-in Tuesday..,client_requested
S105092,fine,blank
S105372,sharp,blank
S107478,centre manager requested additional cover for stocktake,client_requested
S103330,klent het ekstra ure gevra vir stocktake,client_requested
S103627,cliient signed for the extra hours but real reeason is relief no show agn,absence_cover
S104250,nothing to report,routine
S104099,n/a,blank
S107066,"requested by centre management for load in, signed off",client_requested
S103601,jacobs off sick. again. covered.,absence_cover
S105011,Client requested deep clean before the audit - approved,client_requested
S103634,ntr,blank
S103549,klient het ekstra ure gevra vir stocktake,client_requested
S106414,"waited 40 min for handover, OB book not signed",late_handover
S102937,stood in for Molefe,absence_cover
S106884,"GEDEK VIR HENDRICKS, SIEK GEMELD",absence_cover
S107859,,blank
S107514,"client wanted extra man on the gate for the event, approved",client_requested
S101947,"covering Mabaso post, no show no cll",absence_cover
S108374,"relief only arrived 06h00, stayyed until then",absence_cover
S104492,relief no show AGGAIN,absence_cover
S109335,"client asked us to stay for the delivery, ok'd by centre mgmt",client_requested
S108103,no incidents,absence_cover
S101011,"handover late again, keys missing",late_handover
S107101,quiet shift,routine
S100886,klient het ekstra ure gevra vir stocktake,client_requested
S103065,"waited 40 min for handover, OB book not signed",late_handover
S105811,"still on site, relief was suppose to come 0600",absence_cover
S100922,"client wanted extra man on the gate for the event, approved",client_requested
S107253,"machine down again, took twice as long",equipment_failure
S100473,"clint says stay till six, doont know if office approved",client_requested
S101512,"lift out of order, everything carried up stairs, took long",equipment_failure
S105973,"Naidoo abset, took her runds as weell",absence_cover
S109203,"Fourie absen, took her rounds as well",absence_cover
S102376,"extra patrol per client emaail, apprroved by office",client_requested
S104162,quiet shift,routine
S108378,"covering Jacobs post, no show no call",absence_cover
S102860,"relief never arrived, stayed on till six..",absence_cover
S108045,Covered for Sithole agn - 3rd time this month,absence_cover
S100416,"extra patrol per client email, approved by office",client_requested
S100553,"control room says relief coming, nobody came",absence_cover
S106578,centre manager requested additional cover for stocktake !,client_requested
S103436,"fourie didnt come in, covered the post",absence_cover
S106657,"waited 30 min for handover, OB book not signed..",late_handover
S100222,,blank
S102131,"client asked us to stay for the deliivery, ok'd by centre mgmt",client_requested
S102206,all good,routine
S107980,"control room sayys relief coming, noboddy came",absence_cover
S101027,ntr,blank
S102265,ok,blank
S105840,"no replacement sent, ngicela sort this out",absence_cover
S104369,"covering sibiya post, no show no call",absence_cover
S109245,no issues on site,routine
S106428,"waited for relief, nobody came through",late_handover
S106726,all quiet,routine
S104286,all good,routine
S109318,"control room says relief coming, nobody came",absence_cover
S107314,"gedek vir ngcobo, siek gemeld",absence_cover
S101268,"took Jacobs shift as wel, 2 posts 1 guard",absence_cover
S103801,sharp,blank
S102117,shift handover delayed by 25 min,late_handover
S103605,Ngcobo off sick. agn. covered.,absence_cover
S105649,Covered for Zulu again - 3rd time this month,absence_cover
S103805,"covering Zulu post, no sow no call",absence_cover
S104662,"worked through, Botha at the clinic",absence_cover
S108863,"double duty today, sithole on family responsibility leave",absence_cover
S108464,"next shift akafikanga, ngihlale kuze kue six",absence_cover
S103768,"client wanted extra man on the gate for the event, approved",client_requested
S106467,Client asked for extra patrol after the break-in Tuesday,client_requested
S107876,"relief never arrived, sayed on till 6am",absence_cover
S108453,"waited 30 min for handover, OB book not signed",late_handover
S106960,Client asked for extra patrol after the break-in Tuessday,client_requested
S107620,client signed for the extra hours but real reason is relief no show again,absence_cover
S106436,"control room says relief coming, nobody came",absence_cover
S100015,quiet shift,routine
S109351,"waited 45 min for handover, OB book not signed..",late_handover
S101865,"handover late again, keys missing",late_handover
S100343,"scrubber broke down, had to do the floor manually",equipment_failure
S102628,"lift out of orrder, everything carried up stairs, took long",equipment_failure
S105144,,blank
S106167,Client asked for extra patrol after the break-in Tuseday,client_requested
S109291,"COVERING MOLEFE POST, NO SHOW NO CALL",absence_cover
S107036,all quiet,routine
S101324,"requested by centre management for load in, signed off",client_requested
S102771,"no replacement sent, ngicela sort this out",absence_cover
S103828,"lift out of order, everything carried up stairs, took long",equipment_failure
S106963,double shift bc relief never pitched..,absence_cover
S100350,"took Maluleke shiift as well, 2 posts 1 guard..",absence_cover
S105251,no incidents,absence_cover
S109337,"aflos het nie opgedaag nie, moes aanbly",absence_cover
S107030,akukho lutho,routine
S107531,"MACHINE DOWN AGN, TOOK TWICE AS LONG",equipment_failure
S103094,"uNaidoo akezanga namhlanje, ngimele yena",absence_cover
S108359,"gaate motor failed, manned it by hand till 06:00",equipment_failure
S107983,"stocktake ran over, client asked us to remain, they know they pay for it",client_requested
S106270,ntr,blank
S104755,as per normal,routine
S108437,"relief never arrived, stayed on till 6",absence_cover
S108936,all good,routine
S104485,,blank
S107191,Mthembu off sicck. again. covered.,absence_cover
S107032,"oorhandiging was laat, gewag vir sleutels..",late_handover
S107658,Jacobs off sic. again. covered.,absence_cover
S102474,akukho lutho,routine
S108807,"gate motor failed, manned it by hand till 06:00",equipment_failure
S105639,as per normal,routine
S103380,Next shift guard did not pitch. Had to cover.,absence_cover
S100305,"uBaloyi akezanga namhlanje, ngimele yena..",absence_cover
S106612,sharp,blank
S104114,"relief never arrived, stayed on till 6am",absence_cover
S107752,"generator fault, stayed to monitor",equipment_failure
S103631,"WAITED FOR RELIEF, NOBODY CAME THROUGH",late_handover
S101281,akukho lutho,routine
S107724,"stocktake ran over, client asked us to remain, they know they pay for it",client_requested
S108830,"requested by cenre management for load in, siged off",client_requested
S106222,"scrubber broke down, had to do the floor manually",equipment_failure
S105604,"ndlovu absent, took her rounds as well",absence_cover
S104081,"no replacement sent, ngicela sort this out",absence_cover
S107132,stood in for Motaug,routine
S104538,ok,blank
S106341,"double duty today, sibiya on family responsibility leave",absence_cover
S107889,"additional cover requested by site manager, signed off",client_requested
S101533,"gate motor failed, manned it by hand till 06h00",equipment_failure
S103759,"client wanted extra man on the gate for the event, approved",client_requested
S105298,nothing to report,routine
S104929,"uMolefe akezanga namhlanje, ngimele yena",absence_cover
S103561,"toook motaung shift as well, 2 posts 1 guard",routine
S106152,no issues on site,routine
S103404,"took Dlamini shiift as well, 2 psots 1 guard",absence_cover
S108615,wyk off sick. again. covered..,absence_cover
S100880,"Ndlovu absent, took her rounds as well",absence_cover
S106530,shift handover delayed by 25 min,late_handover
S107460,"stocktake ran over, client asked us to remain, they know they pay for it..",client_requested
S105794,Covered for Sithole again - 3rd time this month,absence_cover
S108813,Client asked for extra patrol after the brea-kin Tuesday,client_requested
S105097,"still on site, relief was suppose to come 06:00",absence_cover
S104127,"client asked us to stay for the delivery, ok'd by centre mgmt..",client_requested
S107343,"umabaso akezanga namhlanje, ngimele yena..",absence_cover
S107062,"lift out of order, everything carried up stairs, took long",equipment_failure
S100273,Covering for Molefe - booked off sick,absence_cover
S108901,fine,blank
S108349,klieent het ekstra ure gevra vir stocktake,client_requested
S107147,"machine down again, took twice as long..",equipment_failure
S100281,"requested by centre management for load in, signed off !",client_requested
S100538,"client asked us to stay for the delivery, ok'd by centre mgmt..",client_requested
S106516,"handover late again, keys missing..",late_handover
S108299,no issues on site,routine
S100596,shift handover delayed by 45 min,late_handover
S102082,"covering Ndlovu post, no show no call",absence_cover
S104102,"usibiya akezanga namhlanje, ngimele yena..",absence_cover
S100691,"machine down again, took twice as long",equipment_failure
S104098,fine,blank
S105612,"Botha absent, took her rounds as well..",absence_cover
S101811,Next shifft guard did not pitch. Had to cover.,absence_cover
S100381,"still on site, relief was supose to come six",absence_cover
S108015,"COVERING SIBIYA POST, NO SHOW NO CALL",absence_cover
S106575,"took Mthembu shift as well, 2 possts 1 guard",absence_cover
S104461,no incidents,absence_cover
S109344,motaung off sick. again. covered.,absence_cover
S105742,"Motaung absent, took her rounds as well",absence_cover
S107902,"next shift akafikanga, ngihlale kuze kube 06h00",absence_cover
S108847,"reequested by centre management for load in, signed off..",client_requested
S109070,"gedek vir Wyk, siek gemeld",absence_cover
S105652,"handover late agn, keys missing",late_handover
S108189,Client requested deep clean before the audit - approved..,client_requested
S101786,"handover late agian, keys missing",late_handover
S107322,"client says stay till 06h00, dont know if office apprved",client_requested
S108597,"handover late an, keys missing..",late_handover
S101542,"relief never arrived, stayed on till 06:00",absence_cover
S102467,sharp,blank
S101960,"requested by centre management for load in, signed off",client_requested
S103581,extra hrs approved by client for the event setup,client_requested
S100291,fine,blank
S100640,quiet shift,routine
S103417,stood in for maluleke,routine
S103787,"generator fault, stayed to monitor",equipment_failure
S106663,"buffer machine kaput, did the floor by hand",equipment_failure
S109355,no incidents,absence_cover
S101494,all quiet,routine
S106413,double shift beccause relief never pitched,absence_cover
S102366,"nxet shift akafikanga, ngihlale kuze kube 06:00",absence_cover
S109381,"scrubber broke down, had to do the floor manually",equipment_failure
S105820,extra hrs approved by client for the event setup,client_requested
S103804,all fine,blank
S100567,clint requested deep clean before the audit - approved,client_requested
S107814,"scrubber broke down, had to do the floor manually !",equipment_failure
S106214,double shift because relief never pitched,absence_cover
S104104,"client asked us to saty for the delivery, ok'd by centre mgmt !",client_requested
S108438,stood in for Fuorie..,routine
S106101,"aflos het nie opgedaag nie, mooes aanbly",absence_cover
S101900,"extra patrol per client email, approved by office",client_requested
S101758,Client requested deep clean before the audit - approved,client_requested
S103750,"gate motor failed, manned it by hand till six",equipment_failure
S104210,"Tshabalala didnt come in, covered the post..",absence_cover
S102428,"stocktake ran over, client asked us to remain, they know they pay for it",client_requested
S101589,"conntrol room says relief coming, nobody came",absence_cover
S108459,"scrubber broe down, had to do the floor manually",equipment_failure
S106458,"client says stay till 6am, dont know if office approved",client_requested
S104579,"handover late agn, keys missing",late_handover
S102522,"client says stay till 06:00, dont know if office approved",client_requested
S101853,"client says stay till 6, dont know if office approved",client_requested
S101531,Covered for Wyk again - 3rd time this month,absence_cover
S101187,,blank
S107895,"still on siet, relief was suppose to come 06:00..",absence_cover
S106397,client signed for the extra hrs but real reason is relief no show agn,absence_cover
S106711,ntr,blank
S103587,"aflos het nie opgedaag nie, moes aanbly",absence_cover
S100408,ok,blank
S106940,"Dlmini asent, took her rounds as well",absence_cover
S106816,no relief. stayed. someone must please sort the rooster,absence_cover
S100299,"waited for relief, nobody came through",late_handover
S100549,"requested by centre management for load in, signed off",client_requested
S101396,"uMolefe akezanga namhlanje, ngimele yena..",absence_cover
S100266,klient het ekstra ure gevra vir stocktake,client_requested
S106166,"double duty today, Fourie on family responsibility leave",absence_cover
S107510,"covering Mahlangu post, no show no call",absence_cover
S106069,"gate motor failed, manned it by hand till 0h600",equipment_failure
S107921,extra hours approved by client for the event setup,client_requested
S100277,shift handover delayed by 20 min,late_handover
S100712,adams off sick. again. covered.,absence_cover
S104567,as per normal,routine
S100797,ok,blank
S108503,sharp,blank
S106863,no issues on site,routine
S105139,Next shift guard did not pitch. Had to cover.,absence_cover
S108280,stood in for sibiya,absence_cover
S109124,Clieent requested deep clean before the audit - approved,client_requested
S106093,"waited for relief, nobody came through",late_handover
S106268,as per normal,routine
S105124,double shift because relief never pitched,absence_cover
S102948,"relief only arrived six, stayed until then..",absence_cover
S101081,nothing to report,routine
S105625,"additional cover requested by site manager, signed off",client_requested
S104037,"masjien is stukkend, alles met die hand gedoen",equipment_failure
S105960,"radebe absent, took her rounds as well",absence_cover
S100537,Covering for Mavuso - booked off sick..,absence_cover
S109200,ntr,blank
S102385,stood in for Naidoo,absence_cover
S101042,"uNdlovu akezanga namhlanje, ngimele yean",absence_cover
S108254,Covering for Fourie - booked off siick,absence_cover
S106011,"extra patrol per client email, approved by office",client_requested
S101573,"uNkosi akezanga namhlanje, ngimele yeena",absence_cover
S105696,"uNkosi akezanga namhlanje, ngimele yena",absence_cover
S103370,"coovering Baloyi post, no show no call",absence_cover
S100181,"still on sitee, relief was suppose to come 6am",absence_cover
S108268,Radebe off sikc. again. cvered..,absence_cover
S105572,fine,blank
S103808,"coverign Mavuso post, no show no call",absence_cover
S101817,double shift because relief never pitched,absence_cover
S108371,.,blank
S108540,"next shift akafikanga, ngihlale kuze kube 06h00",absence_cover
S106935,"stocktake ran over, client asked us to remain, they knnow they pay for it",client_requested
S109156,"generator fault, stayed to monitor",equipment_failure
S100726,"gate motor failed, manned it by hand till six",equipment_failure
S103382,"waited for relief, nobody came through",late_handover
S102640,"machine dowwn aggn, took twice as long",equipment_failure
S103033,"aflos het nie opgedaag nie, moes aanbly",absence_cover
S109286,"client wanted extra man on the gate for the event, approved",client_requested
S103604,stood in for Mokoena,absence_cover
S100052,Client requested deep clean before the audit - approved,client_requested
S107154,sharp,blank
S107291,extra hrs approved by client for the event setup,client_requested
S106495,"client wanted extra man on the gate for the event, approved..",client_requested
S105669,,blank
S106182,all quiet,routine
S103440,"generator fault, stayed to monitor..",equipment_failure
S100516,"double duy today, adams on family responsibility leave",absence_cover
S105883,-,blank
S100363,"generator fault, stayed to monitor..",equipment_failure
S106025,"client says stay till six, dont know if office approved",client_requested
S103703,doouble shift bc relief never pitched,absence_cover
S103757,centre manager requested additional cover for stocktake,client_requested
S101612,"client asked us to stay for the delivery, ok'd by centre mgmt",client_requested
S102247,"waited 20 min for handover, OB book not signed",late_handover
S109254,"client says stay till six, dont know if office approved..",client_requested
S101501,"late handover, waiting on paperwork",late_handover
S107309,no incidents,absence_cover
S102584,"masjien is stukkend, alles met die hand gedoen",equipment_failure
S100200,"no replacement sent, ngicela sort this out",absence_cover
S103476,"SCRUBBER BROKE DOWN, HAD TO DO THE FLOOR MANUALLY",equipment_failure
S108439,"lift out of order, everything carried up stairs, took lng",routine
S108057,"double duty today, Sithole on family responsibility leave !",absence_cover
S108088,"masjien is stkkend, alles met die hand geddoen",equipment_failure
S103864,ok,blank
S101330,akukho lutho,routine
S108094,"lift out of orde,r everything carried up stairs, took long",equipment_failure
S108510,ok,blank
S101480,stood in for Dlamini,routine
S109289,client signed for the extra hrs but real reason is relief no show agn,absence_cover
S102835,"relef only arrived 6am, stayed until then..",absence_cover
S108064,baloyi off sick. agn. covered.,absence_cover
S100548,stood in for fourie,routine
S105079,"control room says relief coming, nobody came",absence_cover
S107135,Centre mgr requested additional cover for stocktake,client_requested
S104344,"Jacobs absent, took her rounds as well",absence_cover
S101630,"stocktake ran over, client asked us to remain, they know they pay for it",client_requested
S103170,fine,blank
S101566,sharp,blank
S102828,akukho lutho,routine
S107529,"worked through, Zulu at the clinic",absence_cover
S107515,akukho lutho,routine
S108864,"aflos het nie opgedaag nie, moes aanbly",absence_cover
S108457,shitf handover delayed by 25 min,late_handover
S106995,"double duty today, Adams on family responsibility leave",absence_cover
S104151,"handover late again, keys missing",late_handover
S103790,"worked through, dlamini at the clinic",absence_cover
S101197,ntr,blank
S101718,fine,blank
S101587,"late handover, waitng on paperwork",late_handover
S107156,"usithole akezanga namhlanje, ngimeel yena",absence_cover
S101092,no issues on site,routine
S106356,"worked through, Sithole at the clinic",absence_cover
S102632,"uMahlangu akezanga namhlanje, ngimele yena..",absence_cover
S107359,"additional cover requested by site manager, signed off",client_requested
S102118,all quiet,routine
S108650,"double duty today, Hendricks on family responsibility leave",absence_cover
S105655,"handover late agn, keys missing",late_handover
S107623,Centre manager requested additional cover for stocktake,client_requested
S108743,"worked through, Mokoena at the clinic",absence_cover
S100665,"Molefe absent, took her rounds as well",absence_cover
S103435,"gedek vir Wyk, siek gemeld",absence_cover
S106108,RELIEF NO SHOW AGAIN,absence_cover
S105842,"relief never arrived, stayed on till six",absence_cover
S106086,"extra patrol per client email, approved by office !",client_requested
S104859,"extra patrol per client email, approved by office",client_requested
S107212,,blank
S103756,"stocktake ran over, client asked us to remain, they know they pay for it",client_requested
S104304,double shift because relief never pitched,absence_cover
S100332,"covering Zulu post, no show no call",absence_cover
S102371,Khumalo off sick. again. covered.,absence_cover
S107991,Covered for Ndlovu agn - 3rd time this month,absence_cover
S100302,client requested deep clean before the audit - approved,client_requested
S102062,"double duty today, Pillay on family responsibility leave",absence_cover
S107810,"oorhandiging was laat, gewag vir sleutels",late_handover
S106116,"gedek vir Zulu, siek gemeld..",absence_cover
S104043,"waited 25 min for handover, OB book not signed",late_handover
S104333,Next shift guard did not pitch. Had to cover.,absence_cover
S104906,"machine down agn, took twice as long",equipment_failure
S105451,all quiet,routine
S108872,"late handover, waiting on paperwork",late_handover
S108027,klient het ekstra ure gevra vir stocktake,client_requested
S107476,"worked through, Sibiya at the clinic",absence_cover
S102766,.,blank
S103672,no issues on site,routine
S105472,-,blank
S107747,"machine down agn, took twice as long",equipment_failure
S107208,shift handover delayed by 30 min !,late_handover
S107555,SHIFT HANDOVER DELAYED BY 40 MIN,late_handover
S100891,no relief. stayed. someone must please srt the roster,absence_cover
S106282,"CLIENT ASKED US TO STAY FOR THE DELIVERY, OK'D BY CENTRE MGMT",client_requested
S102843,as per normal,routine
S109339,double shift beacuse relief never pitched,absence_cover
S104674,quiet shift,routine
S102694,ok,blank
S101629,Cetre manager requested additional cover for stocktake,client_requested
S109086,nothing to report,routine
S108692,klient het ekstra ure gevra vir stocktake,client_requested
S107462,"handover late again, keys missing",late_handover
S106103,covered for molefe again - 3rd time this month,absence_cover
S105103,-,blank
S106879,"uMavuso akezana namhlanje, ngimele yean",absence_cover
S104654,"handover late again, keys missing",late_handover
S101764,"STOCKTAKE RAN OVER, CLIENT ASKD US TO REMAIN, THEY KNOW THEY PAY FOR IT..",client_requested
S100498,"stocktake ran over, client asked us to remain, they know tehy pay for it",client_requested
S102011,all good,routine
S103449,"client asked us to stay for the deliverry, ok'd by centre mgmt..",client_requested
S105682,all quiet,routine
S106607,"wroked through, Mabaso at the clinic",absence_cover
S102744,Client requested deep clean before the audit - approved !,client_requested
S103824,nothing to report,routine
S107616,-,blank
S106424,covering for molefe - booked off sick,absence_cover
S106137,"waited 45 min for handover, ob book not signed",late_handover
S102719,"machine down agn, took twice as long",equipment_failure
S101504,"took Sithole shift as well, 2 posts 1 guard",routine
S102874,"Ngcobo didnt come in, covered the post",absence_cover
S105098,"requessted by centre management for load in, signed off",client_requested
S105180,"took Baloyi shift as well, 2 posts 1 guard",absence_cover
S107046,"waited 40 min for handover, OB book not signed",late_handover
S102676,"worked through, motaung at the clinic !",absence_cover
S105322,extra hours approved by client for the event setup,client_requested
S107350,Centre manager requested additional cover for stocktake,client_requested
S107707,no relief. stayed. someone must pls sort the roster,absence_cover
S106277,"Fourie didnt come in, covered the post",absence_cover
S108049,"client wanted extra man on the gate for the event, approved",client_requested
S101735,as per normal,routine
S103842,"took Radebe shift as well, 2 posts 1 guard",absence_cover
S100398,"double duty today, adams on family responsibility leave",absence_cover
S100319,"client asked us to stay for the delivery, ok'd by centre mgmt",client_requested
S108777,no incidents,absence_cover
S106576,"control room says relief coming, nobody came",absence_cover
S108538,nothing to report,routine
S106370,"stocktake ran over, client asked us to remain, they know they pay for it",client_requested
S107336,"client wanted extra man on the gate for the event, approved",client_requested
S106801,"took Sibiya shift as well, 2 posts 1 gurad !",routine
S100331,"late handover, waitting on paperwork..",late_handover
S101887,extra hrs approved by client for the event setup..,client_requested
S100525,"requested by centre management for load in, signed off",client_requested
S102246,"next shift akafikanga, ngihlale kuze kube six",absence_cover
S108330,ok,blank
S105314,"khumalo didnt comme in, covered the post",absence_cover
S103111,"requested by centre management for load in, signed off",client_requested
S106974,covering for wyk - booked off sck,absence_cover
S102866,"aflos het nie opgedaag nie, moes aanbly",absence_cover
S101384,stod in for Sithole,routine
S106096,"ufourie akezanga namhlanje, ngimele yena",absence_cover
S107944,"requested by centre management for load in, signed off",client_requested
S101166,klient het ekstra ure gevra vir stocktake,client_requested
S104424,all quiet,routine
S102408,"wated 40 min for handover, OB book not signed",late_handover
S106818,.,blank
S107060,Covered for Botha again - 3rd time this month..,absence_cover
S100307,"additional cover requested by site mgr, signed off",client_requested
S103057,no incidents,absence_cover
S106569,"gedek vir Mokoena, siek gemeld..",absence_cover
S100134,"waited 20 min for handover, OB book not signed",late_handover
S100649,Client requested deep clean before the audit - approved,client_requested
S102054,kllient het ekstra ure gevra vir stocktake,client_requested
S106281,Covred for Mavuso again - 3rd time this month,absence_cover
S105582,"generator fault, stayed to monitor",equipment_failure
S103702,stood in for Mokoena,absence_cover
S100773,as per normal,routine
S103475,all good,routine
S101458,"COVERING MAHLANGU POST, NO SHOW NO CALL",absence_cover
S108745,"late handover, waiting on paperwork",late_handover
S108265,no relief. stayed. someone mut please sort the roster,absence_cover
S107404,n/a,blank
S107077,stood in for Sibiya,absence_cover
S105755,"lift out of order, everything carried up stairs, took loong",equipment_failure
S106286,"late handover, waiting on paperwork",late_handover
S106440,"next shift akafikanga, ngihlale kuze kube six",absence_cover
S102086,all quiet,routine
S103486,"worked through, Wyk at the clinic",absence_cover
S103158,"waited 25 min for handover, OB book not signed",late_handover
S102971,extra hours approved by client for the event setup,client_requested
S101051,fine,blank
S105647,Client asked for extra patrol after the break-in Tuesday,client_requested
S101820,"covering Ngcobo post, no show no call",absence_cover
S101768,"generator fault, stayed to monitor",equipment_failure
S106091,"worked through, mavuso at the clinic",absence_cover
S105295,n/a,blank
S107709,no relief. stayed. someone must please sort the roster,absence_cover
S107617,"handover lae again, keys missing",late_handover
S103039,"waited 50 min for handover, OB book not signed",late_handover
S101609,"covering Cele post, no show no call",absence_cover
S109137,extra hours approved by client for the event setup,client_requested
S105287,as per normal,routine
S105958,quiet shift,routine
S109346,all good,routine
S108892,"worked through, Sibiya at the clinic",absence_cover
S107950,"handover late again, keys missiing",late_handover
S108035,"client wanted extra man on the gate for the event, approved",client_requested
S102930,"additional cover requested by site manager, signed off",client_requested
S107017,niks om te rapporteer nie,routine
S101524,"control room says relief coming, nobody camme",absence_cover
S106728,"nexxt shift akafikanga, ngihlale kuze kube 06h00",absence_cover
S106394,klient het ekstrra ure gevra vir stocktake,client_requested
S104415,Covered for Mthembu agn - 3rd time this month,absence_cover
S103765,"extra patrol per client email, approved by office",client_requested
S100558,"requested by centre management for load in, signed off",client_requested
S103614,"additional cover requested by site manager, signed off",client_requested
S105922,Covered for Wyk again - 3rd time this month..,absence_cover
S106407,Naidoo off sick. again. covered.,absence_cover
S101313,sharp,blank
S106100,"waited 50 min for handover, ob book not signed",late_handover
S101614,"aflos het nie opgedaag ne, moes aanbly",absence_cover
S105641,"double dutty today, molefe on fmaily responsibility leave..",absence_cover
S104433,"lift out of order, everything carried up stairs, took long",equipment_failure
S100057,sharp,blank
S101497,n/a,blank
S105204,"buffer machine kaput, did the floor by hand",equipment_failure
S108450,"extra patrol per client email, approved by office",client_requested
S105609,Client asked for extra patrol after the break-in Tuesday,client_requested
S100795,-,blank
S104407,"relief only arrived 0600, stayed until then",absence_cover
S105854,ntr,blank
S107175,no incidents,absence_cover
S107368,"client says sttay till six, dont know if office approved",client_requested
S101748,Centre manager requested additional cover for stocktake,client_requested
S104326,"stocktake ran over, client asked us to remain, they know they pay for it",client_requested
S108683,"additional cover requested by site manager, signed off",client_requested
S105737,fine,blank
S109177,ok,blank
S107873,Sibiya off sick. agn. covered.,absence_cover
S100114,"waited 25 min for handover, ob book not signed",late_handover
S103831,"uWyk akezanga namhlanje, ngimele yena",absence_cover
S102079,all good,routine
S104665,Client asekd for extra patrol after the break-in Tuesday,client_requested
S105651,"oorhandiging was lata, gewag vir sleutels",late_handover
S100389,"masjien is stukkedn, alles met die hand gedoen..",equipment_failure
S107711,SHIFT HANDOVER DELAYED BY 40 MIN,late_handover
S108496,no incidents,absence_cover
S106753,"took botha shift as well, 2 posts 1 guard",absence_cover
S103779,"control room says relief coming, nobody came",absence_cover
S105658,Client requested deep clean befre the audit - approved,client_requested
S106880,"extra patrol per client email, approved by ofice",client_requested
S100276,"late handover, waiting on paperwork",late_handover
S106220,Client requested deep clean before the audit - approved,client_requested
S107418,all quiet,routine
S104901,"generator fault, stayed to monitor",equipment_failure
S107297,double shift because relief never pitched,absence_cover
S108899,"masjien is stukkend, alles met die hand gedoen",equipment_failure
S102709,-,blank
S107372,"uNgcobo akezanga namhlanje, ngimele ynea",absence_cover
S109370,"still on site, relief was suppose to come 06:00",absence_cover
S109272,"generator fault, stayed to monitor",equipment_failure
S103799,"relief never arrived, stayed on till 06h00",absence_cover
S104108,next shift guard did not pitch. had to cover..,absence_cover
S102977,"gedek vir Mthembu, siek gemeld !",absence_cover
S103868,"requested by centre management for load in, signed off",client_requested
S107802,.,blank
S104312,.,blank
S107243,"worked through, Sibiya at the clinic",absence_cover
S100325,klient het ekstra ure gevra vir stocktake,client_requested
S101773,"client says stay till 06h00, dont know if office approved",client_requested
S108846,"handover late agn, keys missing",late_handover
S101203,"gedek vir Mthembu, siek gemeld",absence_cover
S106597,"client says stay till 06h00, dont know if office approved",client_requested
S101888,no relief. stayed. someone mut please sort the roster..,absence_cover
S107461,"aflos het nie opgedaag nie, moes aanly",absence_cover
S106344,"umaluleke akezanga namhlanje, ngimele yeena",absence_cover
S109397,fine,blank
S105504,"client asked us to stay for the delivery, ok'd by centre mgmt",client_requested
S102288,extra hrs approved by client for the event setup,client_requested
S104628,Covering for Adams - booked off sick,absence_cover
S106519,no relief. stayed. someone must please sort the roster,absence_cover
S104644,niks om te rapporteer nie,routine
S100172,"uSibiya akezanga namhlanje, ngimele yena",absence_cover
S108096,RELIEF NO SHOW AGAIN,absence_cover
S103599,shift handover deelayed by 40 min !,late_handover
S108176,"stocktake ran over, client asked us to remain, they know they pay for it",client_requested
S105643,"handover late again, keys missing",late_handover
S101740,extra hrs approved by client for the event setup,client_requested
S102995,as per normal,routine
S104319,"Tshabalala absent, took her rounds as well",absence_cover
S106228,"extra patrol per client email, approved by office",client_requested
S107960,"covering Naidoo post, no show no call",absence_cover
S104406,"oorhandiging was laat, gewag vir sleutels",late_handover
S103004,"requested by centre managemennt for load in, signed off !",client_requested
S104421,"scrubber broke down, had to do the floor manually",equipment_failure
S103392,"next shift akafikanga, ngihlale kuze kube 6..",absence_cover
S101089,"masjien is stukkend, ales met die hand gedoen !",equipment_failure
S107862,"lift out of order, everything carried up stairs, took long",equipment_failure
S100345,"uMahlangu akezanga namhlanje, ngimele yena",absence_cover
S106623,"double duty today, Hendricks on family responsibility leave",absence_cover
S108674,"client says stay till 0600, dont know if office approved",client_requested
S108192,"stocktake ran over, client asked us to remain, they know they pay for it",client_requested
S104689,"Maluleke didnt come in, covered the post",absence_cover
S104878,"double duty today, Jacobs on family responsibility leae..",absence_cover
S108196,"client wanted extra man on the gate for the event, approved !",client_requested
S107497,"double duty today, Motaung on family responsibility leave",absence_cover
S103401,no relief. stayed. someone must please sort the roster,absence_cover
S100710,"no replacment sent, ngicela sort this out",absence_cover
S105319,"double duty today, Sibiya on family responsibility leave",absence_cover
S103592,"relief only arrived sxi, stayed until then..",absence_cover
S108446,kliennt het ekstra ure gevra vir stocktake,client_requested
S107986,"extra patrol per client email, approved by office",client_requested
S106383,"ungcobo akezanga namhlanje, ngimele yena",absence_cover
S109100,"client wanted extra man on the gate for the event, approved",client_requested
S104885,"late handover, waiting on paperwork !",late_handover
S103044,double shift bc relief never pitched,absence_cover
S105817,ok,blank
S103443,"lift out of order, everything carried up stairs, took long",equipment_failure
S105267,"bfufer machine kaput, did the floor by hand",equipment_failure
S106432,"oorhandiging was laat, gewag vir sleutels",late_handover
S107698,"no replacement sent, ngicela sort this out",absence_cover
S106374,Centre mgr requested additional cvoer for stocktake,client_requested
S107985,stood in for zulu,absence_cover
S105143,"lift out of order, everything caried up stairs, took long",equipment_failure
S105302,"double duty today, Fourie on famiy responsibility leave",absence_cover
S101859,klient het ekstra ure gevra vir stocktake,client_requested
S100868,ntr,blank
S100269,no relief. stayed. someone must please sort the roster,absence_cover
S108858,"botha didnt come in, covered the post..",absence_cover
S108494,"client says stay till 6, dont kow if office approved",client_requested
S100283,"oorhandiging was laat, gewag vir sleutles !",late_handover
S108586,"handover latte again, keys missing",late_handover
S100771,Covered for Fourie again - 3rd time this month..,absence_cover
S105780,ntr,blank
S104883,ok,blank
S107995,stood in for mabaso,routine
S106316,extra hrs appproved by client for the event setup,client_requested
S103446,"generator fault, stayed to monitor",equipment_failure
S100535,"generator falut, stayed to monitor",equipment_failure
S107049,"lift out of order, everything carried up stairs, took long",equipment_failure
S102839,"aflos het nie opgedaag nie, moes aanblly",absence_cover
S103610,no relief. stayed. someone must please sort the roster,absence_cover
S104382,niks om te rapporteer nie,routine
S108357,"covering Ndlovu post, no show no call",absence_cover
S103685,"generator fault, stayd to monitor",equipment_failure
S106148,"handover late again, keys missing",late_handover
S102498,ntr,blank
S107042,"covering Molefe post, no show no call",absence_cover
S104646,"stocktake ran over, client asked us to remain, they know they pay for it",client_requested
S101526,"worked throuugh, September at the clinic",absence_cover
S107967,"waited for releif, nobody came through",late_handover
S107549,,blank
S105630,shift handover delayed by 30 min,late_handover
S105327,Covering for Botha - booked off sick,absence_cover
S108130,"additional cover requested by site mgr, signed off",client_requested
S106201,-,blank
S106899,"uMokoena akezanga namhlanje, ngimele yena",absence_cover
S107524,"double duty today, Sibiya on family responsibility leave",absence_cover
S103153,"worked through, Sibiya at the clinic",absence_cover
S104338,"Nkosi didnt come in, covered the post",absence_cover
S100724,"client wanted extra man on the gate for the evvent, approved !",client_requested
S104648,.,blank
S104083,"september absent, took her rounds as well",absence_cover
S107344,"handover late agn, keys missing",late_handover
S103612,shift hadnover delayed by 30 min,late_handover
S102378,"client waned extra man on the gate for the event, approved",client_requested
S106888,"oorhandiging was laat, gewag vir sleutels",late_handover
S105165,"aflos het nie opgedaga niie, moes anbly",absence_cover
S105888,klient het ekstra ure gevra vir stocktake..,client_requested
S102710,"tshabalala absent, took her rounds as well",absence_cover
S106661,"waited 30 min for handover, OB book not signed..",late_handover
S102302,"gedek vir Adams, siek gemeld",absence_cover
S107989,"control room says relief comin, nobody came",absence_cover
S105809,"control room says relief coming, nobody came !",absence_cover
S103143,stood in for Baloyi,absence_cover
S102309,all good,routine
S107728,stood in for Maluleke,routine
S107898,"relief only arrived 6am, stayed until then",absence_cover
S106422,"late handover, waiiting on paperwork",late_handover
S106283,extra hrs approved by client for the event setup,client_requested
S106415,"masjien is stukkend, alles met die hand gedoen",equipment_failure
S106276,nothing to report,routine
S103020,Botha off sick. agn. covered.,absence_cover
S108204,klient het ekstra ure gevra vir stocktake,client_requested
S101096,"tok Botha shift as well, 2 posts 1 guard",absence_cover
S105634,"requested by centre management for load in, signed off",client_requested
S101833,"uhendrciks akezanga namhlanje, ngimele yena..",absence_cover
S108364,"additional cover requested by site manager, signed off",client_requested
S103068,"Wyk didnt coome in, covered the post",absence_cover
S101059,"WORKED THROUGH, SIBIYA AT THE CLINIC..",absence_cover
S100360,"gate motor failed, manned it by hand tilll 0600..",equipment_failure
S102441,covering for maluleke - booked off sick,absence_cover
S105488,akukho lutho,routine
S107400,all fine,blank
S102824,"control room says relief coming, nobody came",absence_cover
S107235,nothing to report,routine
S106874,"baloyi didnt come in, covered the post",absence_cover
S106788,"additional cover requested by site mgr, signed off",client_requested
S107521,"relief only arrived 06:00, stayyed until then",absence_cover
S107155,quiet shift,routine
S107308,all good,routine
S107072,"still on site, relief was suppose to come six !",absence_cover
S101898,"Sibiya didnt come in, covered the post",absence_cover
S104077,"took Ngcobo shift as well, 2 posts 1 guard",routine
S102140,"scrubber broke down, had to do the floor manually",equipment_failure
S106906,next shift guard did not pitch. had to cover..,absence_cover
S106659,"Wyk absent, took her rounds as well",absence_cover
S108596,all fine,blank
S109349,n/a,blank
S104858,Covering for Ngcobo - booked off sick,absence_cover
S100523,relief no show AGAIN,absence_cover
S104204,"covering molefe post, no show no call",absence_cover
S103595,"umolefe akezanga namhlanje, ngimele yena",absence_cover
S108047,all quiet,routine
S109308,"uZulu akezanga namhlanje, ngimele yena",absence_cover
S105050,stood in for Pillay..,routine
S106433,extra hrs approved by client for the event setup,client_requested
S103585,no relief. stayed. someone must pls sort the roster,absence_cover
S100972,all quiet,routine
S102704,ntr,blank
S105748,"Mavuso didnt come in, covered the post..",absence_cover
S109111,,blank
S102010,shift hanndover delayed by 30 min,late_handover
S105626,"covering Mahlangu post, no show no call",absence_cover
S101392,"handover late again, keys missing",late_handover
S107771,-,blank
S104924,"Naidoo absent, tok her roudns as well",absence_cover
S100849,no issues on site,routine
S107541,fine,blank
S103960,"no replacement sent, ngicela sort this out",absence_cover
S102399,"worked through, Molefe at the clinic",absence_cover
S104498,"requested by centre management for load in, signed off",client_requested
S100311,no relief. stayed. someone must please sort the roster..,absence_cover
S107355,Covering for Naidoo - booked off sick..,absence_cover
S105207,sharp,blank
S102913,quiet shift,routine
S104834,n/a,blank
S104231,"oorhandiging was laat, gewag vir sleutels",late_handover
S104030,"waited for relief, nobody came through",late_handover
S100774,Centre manager requested additional cover for stocktake,client_requested
S101839,quiet shift,routine
S102944,n/a,blank
S103411,ceentre manager rqeuested additional cover for stocktake,client_requested
S108179,"Motaung didnt come in, covered the post",absence_cover
S106154,"waited 20 min for handover, ob book not signed !",late_handover
S106133,stood in for Wyk,absence_cover
S103061,"generator fault, stayed to monitor..",equipment_failure
S100584,"still on site, reelief was suppose to come 06:00",absence_cover
S101099,"oorhandiging was laat, gewag vir sleutels",late_handover
S105363,"uJacobs akezanga namhlanje, ngimele yena",absence_cover
S103710,shift handover delayed by 20 min,late_handover
S108037,"lift out of order, everything carried up stairs, took long",equipment_failure
S105002,Clint requsted deep clean before the audit - approved,client_requested
S100043,nothing to report,routine
S102847,etxra hrs approved by client for the event setup,client_requested
S106613,sharp,blank
S105431,stood in for Nkosi,routine
S107244,"waited 25 min for handover, OB book not signed",late_handover
S107699,no incidents,absence_cover
S106140,sharp,blank
S106965,"requested by centre maangement for load in, signed off",client_requested
S108481,ntr,blank
S106021,Client asked for extra patrol after the break-in Tuesdaay,client_requested
S107465,fine,blank
S104653,"buffer machine kaput, did the floor by hand",equipment_failure
S103535,all quiet,routine
S101987,quiet shift,routine
S108585,"worked through, Adams at the clinic",absence_cover
S108003,"covering Hendrricks post, no show no call",absence_cover
S108898,"ujacobs akezanga namhlanje, ngimele yena",absence_cover
S100600,Covering for Mavuso - booked off sick,absence_cover
S102555,"gedek vir molefe, siek gemeld..",absence_cover
S104010,"took Ndlovu shift as well, 2 psots 1 guard",routine
S103664,.,blank
S100894,"cliennt says stay till 6, dont know if office approved..",client_requested
S109246,fine,blank
S103010,Centre mgr requested additional cover for stocktake..,client_requested
S102008,"worked through, Naidoo at the clinic",absence_cover
S106263,"gate motor failed, manned it by hand till 06:00",equipment_failure
S100576,Covered for Mokoena agn - 3rd time this month,absence_cover
S100488,fine,blank
S107977,"late hanover, wating on paperwork",late_handover
S100274,n/a,blank
S103348,Centre manager requested additional cover for stocktake,client_requested
S103560,all good,routine
S103409,covered for khumalo again - 3rd time this month,absence_cover
S108084,"late handover, waiting on paperwork",late_handover
S102102,as per normal,routine
S102296,n/a,blank
S102234,no incidents,absence_cover
S106403,"took molefe shift as well, 2 posts 1 guard",absence_cover
S102186,relief no show AGAIN,absence_cover
S104964,"client says stay till 06h00, dont know if office approved",client_requested
S105846,"Cele absent, took her rounds as well",absence_cover
S108065,"Jacobs didnt come in, covered the post",absence_cover
S107516,,blank
S105839,"late handover, waiting on paperwork",late_handover
S105619,sharp,blank
S102607,extra hours approved by client for the eent setup..,client_requested
S101094,.,blank
S108677,"stocktake ran over, client asked us to remain, they know they pay for it..",client_requested
S103485,nothing to report,routine
S102391,"masjien is stukkend, alles met die hand gedoen..",equipment_failure
S106343,ntr,blank
S100444,quiet shift,routine
S103629,quiet shift,routine
S102490,all fine,blank
S107573,-,blank
S106955,maluleke off sick. again. covered.,absence_cover
S102351,"handover late again, keys missing",late_handover
S107970,Covered for Fourie again - 3rd time this month,absence_cover
S102872,.,blank
S103390,Mavuso off sick. again. covered.,absence_cover
S103663,Next sift guuard did not pitch. Had to cover,absence_cover
S108607,ok,blank
S107110,"double duty today, Maluleke on family responsibility leave",absence_cover
S108272,"aflos het nie opgedaag nie, moes aanbly..",absence_cover
S101015,"waited for relief, nobody caem throuhg",late_handover
S105970,"generator fault, stayed to monitor",equipment_failure
S102398,fine,blank
S100890,COVERED FOR FOURIE AGAIN - 3RD TIME THIS MONTH,absence_cover
S108525,.,blank
S101514,"control room says relief coming, nobody came",absence_cover
S103076,"stlil on site, relief was suppose to comme 6am",absence_cover
S106703,Client asked for extra patrol affter the break-in Tuesday,client_requested
S105099,"next shift akafikanga, ngihlale kuze kube 06:00",absence_cover
S101736,"tok bothha shift as wlel, 2 posts 1 guard",routine
S100768,"handover late agn, keys missing",late_handover
S103771,"scrubber broke down, had to do the floor manually",equipment_failure
S108483,Covering for Molefe - booked off sick,absence_cover
S107757,,blank
S100188,"worked through, Wyk at the clinic",absence_cover
S102703,as per normal,routine
S100541,n/a,blank
S103562,"waitde 40 min for handover, OB book not signed",late_handover
S109114,Covering for Sibiya - booked off sick,absence_cover
S100401,"masjien is stukkend, alles met die hand gedoen",equipment_failure
S107329,"covering jacobs post, no show no call",absence_cover
S106542,"covering Ndlovu post, no show no call",absence_cover
S106384,Centre manager requested additional cover for stocktake,client_requested
S108050,"oorhandiging was laat, gewag vir sleutels",late_handover
S104560,"still on site, relief was suppose to come 06h00",absence_cover
S104444,"relief only arrived six, stayed until then",absence_cover
S101563,Mokoena off sick. again. covered.,absence_cover
S107377,sharp,blank
S105447,all fine,blank
S109353,"FOURIE DIDNT COME IN, COVERED THE POST",absence_cover
S103389,shift handover delayed by 25 min,late_handover
S100108,niks om te rapporteer nie,routine
S108169,CLIENT REQUESTED DEEP CLEAN BEFORE THE AUDIT - APPROVED,client_requested
S105080,"client says stay till 6am, dont know if office approved",client_requested
S108856,no relief. stayed. someone must please sort the roster,absence_cover
S105331,"tshabalala didnt come in, covered the post",absence_cover
S105996,akukho lutho,routine
S106246,"extra patrol per client email, approved by office",client_requested
S109266,stood in for Jacobs,routine
S103118,KLIENT HET EKSTRA URE GEVRA VIR STOCKTAKE,client_requested
S103564,Client asked for extra patrol after the break-in Tuesday,client_requested
S106895,COVERED FOR NAIDOO AGAIN - 3RD TIME THIS MONH,absence_cover
S104664,"gate motor failed, manned it by hand till 6am",equipment_failure
S104110,"Mahlangu didnt come in, covvered the post",absence_cover
S102815,Client requested deep clean before the audit - approved..,client_requested
S106531,reliief no show AGAIN,absence_cover
S105761,"scrubber broke down, had to do the floor manually !",equipment_failure
S104827,fine,blank
S109104,"covering ncobo post, no show no call",absence_cover
S101256,no incidents,absence_cover
S108577,fine,blank
S107482,"covering tshabalala post, no show no call",absence_cover
S102168,"requested by centre management for load in, signed off",client_requested
S108588,"Mokoena didnt come in, covered the post",absence_cover
S102903,fine,blank
S107590,,blank
S107990,Next shift guard did not pitch. Had to cover.,absence_cover
S104917,"client wantde extra man on the gate for the event, approved",client_requested
S106054,n/a,blank
S106651,"covering mavuso post, no show no call",absence_cover
S105903,n/a,blank
S108918,"gate motor failed, manned it by hand till six",equipment_failure
S103566,fine,blank
S100580,"scrubber broke down, had to do the floor manually !",equipment_failure
S102756,no incidents,absence_cover
S108062,"uBotha akezanga namhlanje, ngimele yena",absence_cover
S102048,all quiet,routine
S101479,stood in for mavuso !,absence_cover
S100486,"waited for relif, noody came through",late_handover
S100254,klient het ekstra ure gevra vir stocktake,client_requested
S103600,"requested by centre management for load in, signed off",client_requested
S109196,ok,blank
S104748,"next shift akafikanga, ngihlale kuze kube 6..",absence_cover
S104029,"handover late again, keys missing",late_handover
S107997,"waited 25 min for handover, OB book not signed",late_handover
S101101,"buffer machine kaput, did the floor by hand",equipment_failure
S106368,"took Mthembu sift as well, 2 posts 1 guard",absence_cover
S100650,"hanodver late again, keys missing",late_handover
S102313,"scrubber broke dow, had to do the floor manually",equipment_failure
S105832,no relief. stayed. someone must pleasse sort the roster,absence_cover
S106260,"Fourie absent, took her rounds as well",absence_cover
S102468,"gedek vir Sibiya, siek gmeld !",absence_cover
S103572,"still on site, relief was suppose to come 6am",absence_cover
S105038,"covering Khumalo poost, no show no call",absence_cover
S108041,stood in for Sibiya,absence_cover
S105104,"client says stay till 6am, dont know if office approved",client_requested
S106517,"covering Ngcobo post, no show no call",absence_cover
S103677,"EXTRA PATROL PER CLIENT EMAIL, APPROVED BY OFFICE",client_requested
S108890,"coverng Mokoena post, no show no call",absence_cover
S104902,"took Zulu shift as well, 2 posts 1 guard",absence_cover
S106815,"uKhumalo akezanga namhlanje, ngimele yena",absence_cover
S106110,"scrubber broke down, had to do the floor manually",equipment_failure
S103096,"still on site, relief was suppose to come 0h600",absence_cover
S103034,Client asked for extra patrol after the break-in Tuesday,client_requested
S100272,"extra patrol per client email, approved by office",client_requested
S109168,"took radebe shift as well, 2 posts 1 guard",absence_cover
S106426,"sibiya didnt come in, covered the post",absence_cover
S106302,"oorhandiging was laat, gewag vir sleutels..",late_handover
S101930,"buffer machine kaput, did the floor by hand",equipment_failure
S104426,"Jacobs ddnt come in, covered the post",absence_cover
S100225,n/a,blank
S102621,all good,routine
S105134,fine,blank
S106959,shift handover delayed by 30 min,late_handover
S100776,"client wanted extra man on the gate for the event, approved",client_requested
S107712,relief no show AGAIN,absence_cover
S101017,akukho lutho,routine
S103042,Covering for Adams - booked off sick,absence_cover
S101783,"Mthembu absent, took her rounds as well",absence_cover
S101489,"KHUMALO ABSENT, TOOK HER ROUNDS AS WELL",absence_cover
S101625,klient het ekstra ure gevra vir stocktake,client_requested
S106255,nothing to report,routine
S100111,no issues on site,routine
S101389,"requested by centre management for load in, signed off",client_requested
S101594,Covering for Motaung - booked off sick,absence_cover
S108714,.,blank
S101860,"oorhandiging was laat, gewag vir sleutels",late_handover
S104813,"client wanted extra man on the gate for the event, approved",client_requested
S102738,"no replacement sen, ngicela sort this out",absence_cover
S102457,"GEDEK VIR TSHABALALA, SIEK GEMELD",absence_cover
S109258,n/a,blank
S104065,klient het ekstra ure gevra vir stocktake,client_requested
S106134,klient het ekstra ure gevra vir stokctake,client_requested
S104737,ntr,blank
S108111,"lift out of order, everything carried up stairs, took long",equipment_failure
S107379,"uTshabalala akezanga namhlanje, ngimele yena",absence_cover
S105790,extra hours approved by client for the event setup,client_requested
S101975,centre mgr requested additional cover for socktake,client_requested
S103015,"requested by centre management for load in, signed off",client_requested
S108376,"relief only arrived six, stayed until then",absence_cover
S107834,sharp,blank
S105111,no incidents,absence_cover
S102752,"requested by centre management for load in, signed off",client_requested
S104303,"umavuso akezanga namhlaje, ngimele yena",absence_cover
S101503,"double duty today, Mabaso on family responsibility leave",absence_cover
S107725,,blank
S106111,COVERED FOR MOLEFE AGAIN - 3RD TIME THIS MONTH,absence_cover
S103023,niks om te rapporteer nie,routine
S100589,stood in for Mavuso,absence_cover
S100308,"UBOTHA AKEZANGA NAMHLANJE, NGIMELE YENA..",absence_cover
S104634,covered for ngcobo again - 3rd time this month,absence_cover
S106676,Centre mgr requested additional cover for stocktake,client_requested
S101329,"late handover, waiting on ppaerwork..",late_handover
S103782,.,blank
S100173,relief no show AGAIN,absence_cover
S103024,stood in for Fourie,routine
S104314,"buffer machine kaput, did the floor by hand",equipment_failure
S101799,"took Wyk shfit as well, 2 posts 1 guard",absence_cover
S106226,"oorhandiging was laat, gewag vir sleutels",late_handover
S101914,"client wanted extra man on the gate for the event, approved",client_requested
S103983,ok,blank
S100260,"requested by centre management for laod in, siigned off",client_requested
S106095,relief no show AGAIN..,absence_cover
S104101,double shift because relief nevre pitched !,absence_cover
S102185,"gate motor faied, manned it by hand till 06:00",equipment_failure
S101029,all quiet,routine
S106177,niks om te rapporteer nie,routine
S101540,"relief never arriived, stayed on till 6am..",absence_cover
S103555,Covering for Mabaso - booked off sick,absence_cover
S100187,"late handover, waiting on paperwork..",late_handover
S100994,shift handover delayed by 30 min,late_handover
S108396,akukho lutho,routine
S108964,"macine down again, took twice as long..",equipment_failure
S105197,Client asked for extra patrol after the break-in Tuesday,client_requested
S108086,"generator fault, stayed to monitor..",equipment_failure
S104812,"gedek vir Wyk, siek gemeld",absence_cover
S103937,"client asked us to stay for the delivery, ok'd by centre mgmt",client_requested
S108875,all quiet,routine
S109345,"waited 25 min for handover, OB book not signed",late_handover
S103752,stood in for Ndlovu,routine
S105864,all good,routine
S103788,"additional cover requested by site manager, signed off",client_requested
S108707,extra hours approved by client for the event setup..,client_requested
S105904,"waited 45 min for handover, OB book not signed",late_handover
S108183,"double duty today, Radebe on family responsibility leave",absence_cover
S106897,client asked for extra patrol after the break-in tuesday,client_requested
S101626,"control room says relief coming, nobody came..",absence_cover
S108720,"took botha shift as welll, 2 posts 1 guard",absence_cover
S100151,"no replacement sent, ngicla sort this out",absence_cover
S108351,Client asked for extra patrol after the break-n Tuesday,client_requested
S101876,"gedek vir Sibiya, siek gemeld",absence_cover
S107598,"double dtuy today, Mabaso on family responsibility leave",absence_cover
S101611,"additional cover requested by site manager, signed off",client_requested
S100686,"double dtuy today, sibiya on family responsibility leave..",absence_cover
S105135,ntr,blank
S105437,"late handoverr, waiting on paperwork..",late_handover
S107612,shift handover delayed by 30 min,late_handover
S105334,"client asked us to stay for the delivery, ok'd by centre mgmt",client_requested
S107907,"relief only arrived 0600, stayed until then",absence_cover
S100176,relief no show AGAIN,absence_cover
S105236,quiet shift,routine
S102422,fine,blank
S106865,"waited 40 min for handover, OB book not signed",late_handover
S109275,"next shift akafikanga, ngihlale kuze kbue 0600",absence_cover
S101634,"client wanted extra man on the gate for the event, approved",client_requested
S103504,-,blank
S108589,"gate motor failed, manned it by hand till 6am",equipment_failure
S107748,Covering for Raddebe - booked off sick,absence_cover
S100722,"no replacement sent, ngiceela sort thiis out",absence_cover
S106105,"client wanted extra man on the gate for the event, approved",client_requested
S108840,Client asked for extra patrol after the break-in Tuesday,client_requested
S104494,all good,routine
S104059,"handover late agn, keys missing",late_handover
S107987,"control room says relief coming, nobody came",absence_cover
S105786,"client asked us to stay for the delivery, ok'd by centre mgmt !",client_requested
S101880,"generator fault, stayed to monitor",equipment_failure
S103591,"client says stay till 06h000, dont know if office approved",client_requested
S107064,"generator fault, stayed to monitor",equipment_failure
S100258,"took Zulu shift as well, 2 posts 1 guard",absence_cover
S101493,"extra patrol per client email, approved by ofice..",client_requested
S108173,"jacobs didnt come in, covered the psot",absence_cover
S107362,"gate motor failed, manned it by hand till 6am",equipment_failure
S106155,"relief only arrived 06h00, stayed until then..",absence_cover
S105417,"covering Baloyi post, no show no call",absence_cover
S107630,ok,blank
S101106,"gedek vir sibiya, siek gemeld",absence_cover
S104193,quiet shift,routine
S100708,relief no show AGAN,absence_cover
S100746,covering for mthembu - booked off sick,absence_cover
S104863,"handover late again, keys missing",late_handover
S104353,quiet shift,routine
S108312,"lift out of order, everything carried up stairs, took long",equipment_failure
S107015,shift handover delayed by 25 min,late_handover
S105321,"generator fault, stayed to monitor",equipment_failure
S101345,"oorhandiging was laat, gewag vir sleutels..",late_handover
S105442,niks om te rapporteer nie,routine
S109354,"late handover, waiting on paperwork",late_handover
S106794,as per normal,routine
S108276,"machine down agn, toook twice as long",equipment_failure
S105716,no relief. stayed. someone must pls sort the roster,absence_cover
S107347,"covering Mabaso pst, no show no call",absence_cover
S109303,"took Molefe shift as well, 2 posts 1 guard",absence_cover
S106462,"stocktake ran over, client asked us to remain, they know they pay for it",client_requested
S107420,"waited 30 min for handover, OB book not signed..",late_handover
S108102,"requested by centre management for load in, signed off",client_requested
S104907,"machine down ang, took twice as long..",equipment_failure
S104285,Client requested deep clean bfore the audit - approved,client_requested
S106215,"late handover, waiting on paperwork",late_handover
S106269,"Radebe didnt come in, covered the pst",absence_cover
S106418,client requested deep clean before the audit - approved,client_requested
S104318,double shift bc relief never pitched..,absence_cover
S103038,"client asked us to stay for the delivery, ok'd by centre mgmt !",client_requested
S101593,"next shift akafikanga, ngihlale kuze kube 06h00",absence_cover
S108484,fine,blank
S102184,"client wanted extra man on the gate for the event, approved",client_requested
S103827,"handover late again, keys missing",late_handover
S102641,ok,blank
S106425,Client asked for extra patrol after the break-in Tuesday,client_requested
S106887,relief no show AGAIN,absence_cover
S106310,stood in for botha,absence_cover
S103769,Covering for Molefe - booked off sick !,absence_cover
S109125,"buffer machine kaput, did the floor by hand",equipment_failure
S105330,all quiet,routine
S105128,"oorhandiging was laat, gewag vir sleutels",late_handover
S103548,"requested by centre management for load in, signed off",client_requested
S107828,"scrubbr broke dwon, had to do the floor manually",equipment_failure
S107360,NDLOVU OFF SICK. AGN. COVERED.,absence_cover
S100250,"relief onnly arrived sixx, styed until then",absence_cover
S105607,"gate motor failed, manned it by hand till 0600..",equipment_failure
S104909,Client asked for extra patrol after the break-in Tuesday,client_requested
S105715,"jacobs absent, took her rounds as well",absence_cover
S108256,"extra patrol per client email, approved by office",client_requested
S107025,as per normal,routine
S107860,Client requested deep clean before the audit - approved,client_requested
S108314,no issues on site,routine
S101579,"handover late agin, kys missing",late_handover
S102325,no issues on site,routine
S100961,akukho lutho,routine
S103659,"requested by centre management for load in, signed off",client_requested
S107788,"generator fault, stayed to monitor",equipment_failure
S106525,Naidoo off sick. agn. covered.,absence_cover
S100335,"stocktake ran over, client asked us to remain, they know they pay for it !",client_requested
S107697,"next shift akafikanga, ngihlale kuze kube 06h00..",absence_cover
S101797,"double duty today, Baloi on family responsibility leave",absence_cover
S101653,"client wanted extra man on the gate for the event, approved",client_requested
S104126,"took ngcobo shift as well, 2 posts 1 guard !",routine
S104313,client signde for the extra hours but real reaon is relief no show agn,absence_cover
S105082,Centre mgr requested additional cover for stocktake,client_requested
S107328,Ngcobo off sick. agn. covered.,absence_cover
S100559,"scrubber broke down, had to do the floor manually",equipment_failure
S107027,"worked through, Botha at the clinic",absence_cover
S100512,extra houurs approvved by client for the event setup,client_requested
S108843,"relief only arrived 0600, stayed until then",absence_cover
S102407,"waited 25 min for handover, OB book not signed",late_handover
S103766,"Baloyi absent, toook her rounds as well !",absence_cover
S100247,"gate motor failed, manned it by hand till 6..",equipment_failure
S107594,"gedek vir Mthembu, siek gemeld",absence_cover
S107463,"masjien is stukkend, alles met die hnd gedoen..",equipment_failure
S105085,"covering Motaung pst, no show no call",absence_cover
S108449,"STILL ON SITE, RELIEF WAS SUPPOSE TO COME 6AM",absence_cover
S100638,"covering Molefe post, no show no call",absence_cover
S108375,Client requested deep clean before the audit - approved,client_requested
S103818,stood in for Hendricks,absence_cover
S103385,adams off sick. agn. covered.,absence_cover
S109204,shift handover delayed by 40 min,late_handover
S100519,quiet shift,routine
S100263,"machhine down agnn, took twice as long",equipment_failure
S105110,"requested by centre management for load in, signed off",client_requested
S102851,"Fourie didnt come in, covered the post",absence_cover
S101066,Client requested deep clean beefore the audit - approved,client_requested
S109119,"next shift akafikanga, ngihlale kuze kube 0600..",absence_cover
S102485,"covering Mahlnagu post, no show no call..",absence_cover
S106307,"oorhandiging was laat, gewag vir sleutles",late_handover
S104640,"late handover, waitng on paperwork",late_handover
S108060,Next shift guard did not pitch. Had to cover.,absence_cover
S101897,"generator fault, stayed to monitor",equipment_failure
S103510,akukho lutho,routine
S100721,"oorhandiging was laat, gewag vir slutels",late_handover
S109244,"covering dlamini post, no show no call",absence_cover
S106524,"stocktake ran over, client asked us to remain, they know they pay for it",client_requested
S104048,"Botha didnt come in, covered the post..",absence_cover
S106279,Client asked for extra patrol after the break-in Tuesday,client_requested
S100658,quiet shift,routine
S109007,-,blank
S106677,"client wanted extra man on the gate for the eent, approved",client_requested
S100303,sharp,blank
S104262,klient het ekstra ure gevra vir stocktakke,client_requested
S104829,.,blank
S103758,extra hours approved by client for the event setup,client_requested
S108053,"uMotaung akezanga namhlanje, ngimele yena",absence_cover
S100287,.,blank
S105435,"waited 25 min for handover, ob book not signed",late_handover
S108377,extra hours approved by client for the event setup,client_requested
S100543,"gate motor failed, manned it by hand till 0600..",equipment_failure
S106048,"stocktake ran over, client asked us to remain, they know thy pay for it",client_requested
S106627,extra hrs approved by client for the evetn setup !,client_requested
S104317,"machine down again, took twice as long",equipment_failure
S100585,extra hrs approved by client for the event setup,client_requested
S103322,"clent asked us to stay for the delivery, ok'd by centre mgmt",client_requested
S107281,Client asked for extra patrol after the break-in Tuesday..,client_requested
S101613,no issues on site,routine
S105263,"oorhandiging was laat, gewag vir sleutels..",late_handover
S104844,"double duty today, Baloyi on family responsibility leave",absence_cover
S109257,"UDLAMINI AKEZANGA NAMHLANJE, NGIMELE YENA..",absence_cover
S101852,"stocktake ran over, client asked us to remain, they know they pay for it",client_requested
S107993,no relief. stayed. soemone must please sort the roster,absence_cover
S101673,quiet shift,routine
S100900,no relief. stayed. someone must pls sort the roster,absence_cover
S104782,"took Sibiya shift as well, 2 posts 1 guard !",routine
S100369,"control room says relief coming, nobody came",absence_cover
S107249,client requested deep clean before the audit - approved,client_requested
S100812,"client asked us to stay for the delivery, ok'd by centre mgmt !",client_requested
S105004,"Maluleke didnt come in, covered the pot..",absence_cover
S108127,.,blank
S104866,"late handover, waiting on paperwork",late_handover
S104565,"masjien is stukkend, alles met die hand gedoen..",equipment_failure
S103823,STOOD IN FOR BALOYI,absence_cover
S100337,Centre mgr requested additional cover for stocktake,client_requested
S102380,Client requested deep clean before the audit - approved,client_requested
S108008,Client requested deep claen before the audit - approved,client_requested
S108054,CLIENT SIGNED FOR THE EXTRA HRS BUT REAL REASON IS RELIEF NO SHOW AGAIN,absence_cover
S105116,,blank
S107505,"stocktake ran over, client asked us to remain, they know they pay for it",client_requested
S104470,sharp,blank
S103327,"EXTRA PATROL PER CLIENT EMAIL, APPROVED BY OFFICE",client_requested
S106369,"handover late agn, keys missing",late_handover
S104425,Next shift guard did not pitch. Had to cover.,absence_cover
S106790,as per normal,routine
S101341,"oorhandiging was laat, gewag vir sleutels",late_handover
S105660,"covering Adams post, no show no call",absence_cover
S103413,-,blank
S108598,double shift becaue relief never pitched,absence_cover
S101586,"scrubber broke down, had to do the floor manually",equipment_failure
S103803,"Motaung absent, took her rounds as well",absence_cover
S108867,"still on site, relief was suppose to come 06:00",absence_cover
S107569,Baloyi off sick. again. covered.,absence_cover
S107801,akukho lutho,routine
S109139,Baloyi off sick. agn. covered.,absence_cover
S100883,Next shift guard did not pitch. Had to cover.,absence_cover
S105070,"machine down agn, took twice as long..",equipment_failure
S106909,"relief never arrived, stayed on till 0600",absence_cover
S104559,"extra patrol per client email, apprved by office",client_requested
S108156,"client asked us to stay for the delivery, ok'd by centre mgmt",client_requested
S106567,"uZuulu akezanga namhlanje, ngimele yena",absence_cover
S108365,"scrubber broke down, had to do the floor manually",equipment_failure
S106218,"covering Naido post, no show no call",absence_cover
S101683,covering for khumalo - booked off sick,absence_cover
S104118,ntr,blank
S105077,Covered for Mokoena agaiin - 3rd time this month,absence_cover
S104723,ok,blank
S104246,covering for dlamini - booked off sick,absence_cover
S102918,"control room says relief coming, nobody came",absence_cover
S103872,.,blank
S108608,"worked through, botha at the clinic",absence_cover
S104021,"umahlangu akezanga namhlanje, ngimele yena",absence_cover
S100496,n/a,blank
S108206,September off sick. again. covered.,absence_cover
S104343,"worked through, Dlamini at the clinic",absence_cover
S105740,nothing to report,routine
S108052,.,blank
S101602,"extra patrol per client email, approved by office",client_requested
S100080,sharp,blank
S102635,"covering Hendricks post, no sow no call..",absence_cover
S100562,stood in for Sibiya,absence_cover
S104070,,blank
S108355,"gate motor failled, manned it by hand till 06:00",equipment_failure
S100623,no issues on site,routine
S106964,"next shift akafikanga, ngihlale kuze kube 6",absence_cover
S101119,"requested by centre management for load in, signed off",client_requested
S103645,"masjien is stukkend, alles met die hand gedoen",equipment_failure
S106135,client signed for the extra hrs but real reason is relief no show agn,absence_cover
S108455,client asked for extra patrol after the break-in tuesday,client_requested
S102759,ok,blank
S105779,n/a,blank
S105906,"double duty today, Adams on family responsibility leave",absence_cover
S107067,"ADDITIONAL COVER REQUESTED BY SIITE MANAGER, SIGNED OFF !",client_requested
S103580,"requested by centre management for load in, signed off",client_requested
S100556,Client requested deep clean before the audit - approved,client_requested
S107252,"covering mabaso post, no show no call !",absence_cover
S101765,all good,routine
S101796,extra hours approved by client for the event setup,client_requested
S102693,Sithoel off sick. again. covered.,absence_cover
S101519,"stocktake ran over, client asked us to remain, they know they pay for it",client_requested
S107164,"stocktake ran over, client ased us to remain, they know they pay for it",client_requested
S108036,"client asked us to stay for the delivery, ok'd by centre mgmt..",client_requested
S109315,"machine down agn, took twice as long",equipment_failure
S103762,"Ngcobo didnt come in, covered the post",absence_cover
S100709,"client asked us to stay for the delivery, ok'd by centre mgmt",client_requested
S105296,"client says stay till six, dont knwo if office approved",client_requested
S101569,"generator fault, stayed to monitor..",equipment_failure
S105347,ntr,blank
S103252,client asked for extra patrol after the breaki-n tuesday !,client_requested
S101449,-,blank
S100550,"tok Ndlovu shift as well, 2 posts 1 guard",routine
S108961,ntr,blank
S106637,"covering motaung post, no show no call",absence_cover
S104009,"took Manuel shift as well, 2 posts 1 guard..",routine
S103027,"gedek vir Mthembu, siek gemeld",absence_cover
S106515,"aflos het nie opgedaag nie, mes aanbly",absence_cover
S106388,no relief. stayed. someone must please sort the roster,absence_cover
S100356,"scrubber broke down, had to do the floor manually",equipment_failure
S107006,"clieent asked us to stay for the delivery, ok'd by centre mgmt",client_requested
S100645,double shift bc releif never pitched,absence_cover
S102980,Sithole off sick. agn. covered.,absence_cover
S102720,ntr,blank
S104617,"client wanted extra man on the gate for the event, approved",client_requested
S101508,"BFUFER MACHINE KAPUT, DID THE FLOOR BY HAND",equipment_failure
S106544,"double duty today, Molefe on family responsibillity leave",absence_cover
S108184,"gedek vir Tshabalala, siek gemeld",absence_cover
S101615,"control room says relief coming, nobody came",absence_cover
S107722,as per normal,routine
S104547,"waited 25 min for handover, OB book not signed",late_handover
S103554,"oorhandiging was laat, gewag vir sleutels",late_handover
S100703,"additional cover requested by site mgr, signed off",client_requested
S109320,centre managger requested additoinal coevr for stocktake,client_requested
S102163,"Hendricks didnt come in, covered the psot",absence_cover
S102922,"requested by centre management for load in, siged off",client_requested
S101063,"handover late agn, keys missing",late_handover
S107410,"stocktake ran over, client asked us to remain, they know they pay for it",client_requested
S107063,stood in for molefe,absence_cover
S100720,Wyk off sick. again. covered.,absence_cover
S103641,"client says stay till 0600, dont know if office approoved..",client_requested
S101110,extra hrs approved by client for the event settup,client_requested
S100472,quiet shift,routine
S104332,"next shift akafikanga, ngihlale kuze kube 6",absence_cover
S103216,"waited 50 min for handover, ob book not signed",late_handover
S102518,DOUBLE SHIFT BECAUSE RELIEF NEVER PITCHED,absence_cover
S100338,"client wanted extra man on the gate for the event, approved",client_requested
S105613,"client wanted extra man on the gate for the event, approved",client_requested
S103748,Next shift guard did not pitch. Had to cover.,absence_cover
S109340,stood in for nkosi,routine
S108023,covered for september again - 3rd time this month,absence_cover
S107298,"double duty today, naidoo on fammily responsibility leave..",absence_cover
S103767,CLIENT REQUESTED DEEP CLEAN BEFORE THE AUDIT - APPROVED,client_requested
S104346,"stocktake ran over, client asked us to remain, they know they pay for it",client_requested
S105195,"gedek vir Baloyi, siek gemeld",absence_cover
S100144,Next shift guard did not pitch. Had to cover.,absence_cover
S105423,"worked through, nkosi at the clinic",absence_cover
S105333,"took Adams shift as well, 2 posts 1 guard",routine
S107610,ok,blank
S107767,"waited for relief, nobody came througgh",late_handover
S107972,"client asked us to stay for the delivery, okd' by centre mgmt",client_requested
S107177,"client asked us to stay for the delivery, okd' by centre mgmt",client_requested
S109105,"masjien is stukkend, alles met die hand gedoen",equipment_failure
S100969,all fine,blank
S105370,"covering Ndlovu post, no show no call !",absence_cover
S106526,no incidents,absence_cover
S103981,"buffer machine kaput, did the floor by hand",equipment_failure
S109295,"extra patrol per client email, approved by office",client_requested
S102075,mabaso off sick. agn. covered..,absence_cover
S102160,klient het ektra ure gevra vir stocktake,client_requested
S104074,"scrubber broke down, had to do the floor manually",equipment_failure
S100166,"buffer machine kaput, did the floor by hand",equipment_failure
S102535,quiet shift,routine
S105844,"client asked us to stay for the delivery, ok'd by centre mgmt..",client_requested
S100735,"requested by centre management for load in, signed off",client_requested
S105683,klient het ekstra ure gevra vir stocktake,client_requested
S107998,"control room says relief coming, nobody came..",absence_cover
S100574,covering for ngcobo - booked off sick,absence_cover
S103505,Covering for Mavuso - booked off sick,absence_cover
S104752,.,blank
S100876,"worked through, Mavuso at the clinic",absence_cover
S102156,kliennt het ekstra ure gevra vir stocktake,client_requested
S106609,shift handover delayed by 25 min,late_handover
S103588,"late handover, waiting on paperwork",late_handover
S101813,ntr,blank
S106469,CENTRE MANAGER REQUESTED ADDITIONAL COVER FOR STOCKTAKE,client_requested
S101115,"control room says relief coming, nobody came",absence_cover
S108703,"scrubber broke down, had to do the floor manually",equipment_failure
